-- phpMyAdmin SQL Dump
-- version 5.2.1
-- https://www.phpmyadmin.net/
--
-- Host: 127.0.0.1
-- Generation Time: May 21, 2024 at 10:14 AM
-- Server version: 10.4.32-MariaDB
-- PHP Version: 8.2.12

SET SQL_MODE = "NO_AUTO_VALUE_ON_ZERO";
START TRANSACTION;
SET time_zone = "+00:00";


/*!40101 SET @OLD_CHARACTER_SET_CLIENT=@@CHARACTER_SET_CLIENT */;
/*!40101 SET @OLD_CHARACTER_SET_RESULTS=@@CHARACTER_SET_RESULTS */;
/*!40101 SET @OLD_COLLATION_CONNECTION=@@COLLATION_CONNECTION */;
/*!40101 SET NAMES utf8mb4 */;

--
-- Database: `timetabledb1`
--

-- --------------------------------------------------------

--
-- Table structure for table `adress`
--

CREATE TABLE `adress` (
  `ad_id` int(11) NOT NULL,
  `ad_st_id` int(11) NOT NULL,
  `ad_cod` int(11) NOT NULL,
  `ad_vyl` varchar(200) NOT NULL
) ENGINE=InnoDB DEFAULT CHARSET=utf8 COLLATE=utf8_unicode_ci;

--
-- Dumping data for table `adress`
--

INSERT INTO `adress` (`ad_id`, `ad_st_id`, `ad_cod`, `ad_vyl`) VALUES
(1, 0, 0, ''),
(2, 295, 48, 'xdvvdvdddvdvvd'),
(3, 948, 17, 'С.Наливайка, 16'),
(4, 627, 60, ''),
(5, 646, 60, ''),
(6, 634, 60, ''),
(7, 642, 17, ''),
(8, 633, 36, ''),
(9, 656, 69, ''),
(10, 626, 17, '');

-- --------------------------------------------------------

--
-- Table structure for table `adress_city`
--

CREATE TABLE `adress_city` (
  `city_id` int(11) NOT NULL,
  `city_name` varchar(100) NOT NULL,
  `city_oth_id` int(11) NOT NULL,
  `city_type` varchar(10) NOT NULL
) ENGINE=InnoDB DEFAULT CHARSET=utf8 COLLATE=utf8_unicode_ci;

--
-- Dumping data for table `adress_city`
--

INSERT INTO `adress_city` (`city_id`, `city_name`, `city_oth_id`, `city_type`) VALUES
(6, 'Биків', 7, 'село'),
(7, 'Бистриця', 7, 'село'),
(8, 'Болехівці', 7, 'село'),
(9, 'Брониця', 7, 'село'),
(10, 'Бійничі', 7, 'село'),
(11, 'Верхні Гаї', 7, 'село'),
(12, 'Воля Якубова', 7, 'село'),
(13, 'Глинне', 7, 'село'),
(14, 'Дережичі', 7, 'село'),
(15, 'Добрівляни', 7, 'село'),
(16, 'Долішній Лужок', 7, 'село'),
(17, 'Дрогобич', 7, 'місто'),
(18, 'Залужани', 7, 'село'),
(19, 'Котоване', 7, 'село'),
(20, 'Лішня', 7, 'село'),
(21, 'Медвежа', 7, 'село'),
(22, 'Михайлевичі', 7, 'село'),
(23, 'Монастир-Дережицький', 7, 'село'),
(24, 'Монастир-Лішнянський', 7, 'село'),
(25, 'Нагуєвичі', 7, 'село'),
(26, 'Нижні Гаї', 7, 'село'),
(27, 'Нове Село', 7, 'село'),
(28, 'Новошичі', 7, 'село'),
(29, 'Ортиничі', 7, 'село'),
(30, 'Почаєвичі', 7, 'село'),
(31, 'Раневичі', 7, 'село'),
(32, 'Рихтичі', 7, 'село'),
(33, 'Селець', 7, 'село'),
(34, 'Снятинка', 7, 'село'),
(35, 'Старе Село', 7, 'село'),
(36, 'Стебник', 7, 'місто'),
(37, 'Ступниця', 7, 'село'),
(38, 'Унятичі', 7, 'село'),
(39, 'Хатки', 7, 'село'),
(40, 'Борислав', 8, 'місто'),
(41, 'Винники', 8, 'село'),
(42, 'Мокряни', 8, 'село'),
(43, 'Попелі', 8, 'село'),
(44, 'Підмонастирок', 8, 'село'),
(45, 'Уріж', 8, 'село'),
(46, 'Ясениця-Сільна', 8, 'село'),
(47, 'Верхній Дорожів', 4, 'село'),
(48, 'Волоща', 4, 'село'),
(49, 'Вороблевичі', 4, 'село'),
(50, 'Городківка', 4, 'село'),
(51, 'Грушів', 4, 'село'),
(52, 'Далява', 4, 'село'),
(53, 'Довге', 4, 'село'),
(54, 'Зади', 4, 'село'),
(55, 'Коросниця', 4, 'село'),
(56, 'Летня', 4, 'село'),
(57, 'Літиня', 4, 'село'),
(58, 'Меденичі', 4, 'село'),
(59, 'Опори', 4, 'село'),
(60, 'Ролів', 4, 'село'),
(61, 'Рівне', 4, 'село'),
(62, 'Ріпчиці', 4, 'село'),
(63, 'Солонське', 4, 'село'),
(64, 'Тинів', 4, 'село'),
(65, 'Трускавець', 6, 'місто'),
(66, 'Бистрий', 6, 'село'),
(67, 'Доброгостів', 6, 'село'),
(68, 'Зимівка', 6, 'село'),
(69, 'Модричі', 6, 'село'),
(70, 'Орів', 6, 'село'),
(71, 'Станиля', 6, 'село'),
(72, 'Уличне', 6, 'село'),
(73, 'Бистриця-Гірська', 5, 'село'),
(74, 'Головське', 5, 'село'),
(75, 'Гута', 5, 'село'),
(76, 'Довге', 5, 'село'),
(77, 'Жданівка', 5, 'село'),
(78, 'Залокоть', 5, 'село'),
(79, 'Зубриця', 5, 'село'),
(80, 'Коритище', 5, 'село'),
(81, 'Кринтята', 5, 'село'),
(82, 'Ластівка', 5, 'село'),
(83, 'Майдан', 5, 'село'),
(84, 'Новий Кропивник', 5, 'село'),
(85, 'Опака', 5, 'село'),
(86, 'Перепростиня', 5, 'село'),
(87, 'Підбуж', 5, 'село'),
(88, 'Підсухе', 5, 'село'),
(89, 'Рибник', 5, 'село'),
(90, 'Свидник', 5, 'село'),
(91, 'Смільна', 5, 'село'),
(92, 'Старий Кропивник', 5, 'село'),
(93, 'Сторона', 5, 'село'),
(94, 'Східниця', 5, 'село');

-- --------------------------------------------------------

--
-- Table structure for table `adress_oth`
--

CREATE TABLE `adress_oth` (
  `oth_id` int(11) NOT NULL,
  `oth_name` varchar(100) NOT NULL
) ENGINE=InnoDB DEFAULT CHARSET=utf8 COLLATE=utf8_unicode_ci;

--
-- Dumping data for table `adress_oth`
--

INSERT INTO `adress_oth` (`oth_id`, `oth_name`) VALUES
(4, 'Меденицька ТГ'),
(5, 'Східницька ТГ'),
(6, 'Трускавецька ТГ'),
(7, 'Дрогобицька ТГ'),
(8, 'Бориславська ТГ');

-- --------------------------------------------------------

--
-- Table structure for table `cabinets`
--

CREATE TABLE `cabinets` (
  `cab_id` int(11) NOT NULL,
  `cab_num` int(11) NOT NULL,
  `cab_name` varchar(100) NOT NULL
) ENGINE=InnoDB DEFAULT CHARSET=utf8mb4 COLLATE=utf8mb4_unicode_ci;

--
-- Dumping data for table `cabinets`
--

INSERT INTO `cabinets` (`cab_id`, `cab_num`, `cab_name`) VALUES
(3, 59, 'Інформатика'),
(11, 8, ''),
(12, 17, ''),
(13, 15, ''),
(14, 16, ''),
(15, 33, ''),
(16, 35, ''),
(17, 49, ''),
(18, 50, ''),
(19, 51, ''),
(20, 54, ''),
(21, 57, ''),
(22, 56, ''),
(23, 58, ''),
(24, 53, ''),
(25, 37, ''),
(26, 29, ''),
(27, 44, ''),
(28, 25, ''),
(29, 55, ''),
(30, 39, ''),
(31, 45, ''),
(32, 41, ''),
(33, 18, ''),
(34, 36, ''),
(35, 24, ''),
(36, 42, '');

-- --------------------------------------------------------

--
-- Table structure for table `class`
--

CREATE TABLE `class` (
  `cl_id` int(11) NOT NULL,
  `cl_name` varchar(20) NOT NULL,
  `cl_num` int(11) NOT NULL,
  `cl_bukva` varchar(1) NOT NULL
) ENGINE=InnoDB DEFAULT CHARSET=utf8 COLLATE=utf8_unicode_ci;

--
-- Dumping data for table `class`
--

INSERT INTO `class` (`cl_id`, `cl_name`, `cl_num`, `cl_bukva`) VALUES
(1, '8-B', 8, 'В'),
(2, '8-Г', 8, 'Г'),
(3, '5-А', 5, 'А'),
(4, '5-Б', 5, 'Б'),
(5, '5-В', 5, 'В'),
(6, '5-Г', 5, 'Г'),
(7, '6-А', 6, 'А'),
(8, '6-Б', 6, 'Б'),
(9, '6-В', 6, 'В'),
(11, '7-А', 7, 'А'),
(12, '7-Б', 7, 'Б'),
(13, '7-В', 7, 'В'),
(14, '8-А', 8, 'А'),
(15, '8-Б', 8, 'Б'),
(16, '9-А', 9, 'А'),
(17, '9-Б', 9, 'Б'),
(18, '9-В', 9, 'В'),
(19, '10-А', 10, 'А'),
(20, '10-Б', 10, 'Б'),
(21, '10-В', 10, 'В'),
(22, '11-А', 11, 'А'),
(23, '11-Б', 11, 'Б'),
(24, '11-В', 11, 'В'),
(26, '9-Г', 9, 'Г'),
(27, '6-Г', 6, 'Г');

-- --------------------------------------------------------

--
-- Table structure for table `classes`
--

CREATE TABLE `classes` (
  `c_id` int(11) NOT NULL,
  `c_name` varchar(5) NOT NULL
) ENGINE=InnoDB DEFAULT CHARSET=utf8mb4 COLLATE=utf8mb4_general_ci;

--
-- Dumping data for table `classes`
--

INSERT INTO `classes` (`c_id`, `c_name`) VALUES
(1, '9-B'),
(2, '9-A'),
(3, '8-Б'),
(4, '10-A'),
(5, '10-В');

-- --------------------------------------------------------

--
-- Table structure for table `contact`
--

CREATE TABLE `contact` (
  `co_id` int(11) NOT NULL,
  `co_stud_id` int(11) NOT NULL,
  `co_nomer` varchar(20) NOT NULL,
  `co_email` varchar(300) NOT NULL
) ENGINE=InnoDB DEFAULT CHARSET=utf8 COLLATE=utf8_unicode_ci;

--
-- Dumping data for table `contact`
--

INSERT INTO `contact` (`co_id`, `co_stud_id`, `co_nomer`, `co_email`) VALUES
(1, 156, '0671232030', 'example@gmail.com'),
(2, 45, 'erfer', 'drfer'),
(3, 10, '', 'свсвсвс'),
(4, 948, '0680801623', 'kobolek25092008@gmail.com'),
(5, 646, '0990904571', ''),
(6, 646, '0990904571', 'petrenkomarkian@gmail.com'),
(7, 951, '567890', 'llkhjkjhkgj');

-- --------------------------------------------------------

--
-- Table structure for table `document`
--

CREATE TABLE `document` (
  `d_id` int(11) NOT NULL,
  `d_st_id` int(11) NOT NULL,
  `d_tup` int(11) NOT NULL,
  `d_seria` varchar(50) NOT NULL,
  `d_nomer` varchar(10) NOT NULL,
  `d_kym_vydano` varchar(100) NOT NULL,
  `d_kolu_vydano` varchar(100) NOT NULL,
  `d_skan` varchar(100) NOT NULL,
  `d_ipn` varchar(10) NOT NULL
) ENGINE=InnoDB DEFAULT CHARSET=utf8 COLLATE=utf8_unicode_ci;

--
-- Dumping data for table `document`
--

INSERT INTO `document` (`d_id`, `d_st_id`, `d_tup`, `d_seria`, `d_nomer`, `d_kym_vydano`, `d_kolu_vydano`, `d_skan`, `d_ipn`) VALUES
(1, 8372, 0, 'ovosokop', '671772010', '', '', '', ''),
(2, 156, 0, '1234', '23123', 'sdfsdf', '12.09.2005', 'fgdfg', '1234567890'),
(3, 295, 1, '1-СГ', '999999', '', '17-05-2024', '', ''),
(4, 295, 3, '', '0', '', '', '', '5454512345'),
(6, 295, 2, '', '0002554', 'fgfd', '10-21-2102', '', '');

-- --------------------------------------------------------

--
-- Table structure for table `parants`
--

CREATE TABLE `parants` (
  `p_id` int(11) NOT NULL,
  `p_name` varchar(25) NOT NULL,
  `p_nomer` varchar(11) NOT NULL,
  `p_st_id` int(11) NOT NULL,
  `p_email` varchar(100) NOT NULL,
  `p_gender` int(11) NOT NULL
) ENGINE=InnoDB DEFAULT CHARSET=utf8 COLLATE=utf8_unicode_ci;

--
-- Dumping data for table `parants`
--

INSERT INTO `parants` (`p_id`, `p_name`, `p_nomer`, `p_st_id`, `p_email`, `p_gender`) VALUES
(1, 'Nazar', '2147483647', 0, '', 0),
(2, 'Михаил Михайлович Петрови', '674443264', 156, 'ex@gmail.com', 1),
(3, 'Марія', '678905670', 156, 'exm@gmail.com', 2),
(4, 'xv', '234234234', 295, 'dvs', 1),
(5, 'vsdvds', '34234234', 295, '234234234', 2),
(6, 'іва', '206785', 9, 'іва', 1),
(7, 'Кобильник Тарас Петрович', '0680801623', 948, '', 1),
(8, 'Кобильник Марія Михайлівн', '0680801623', 948, '', 2);

-- --------------------------------------------------------

--
-- Table structure for table `sessions`
--

CREATE TABLE `sessions` (
  `ss_id` int(11) NOT NULL,
  `us_email` int(11) NOT NULL,
  `ss_isActive` text NOT NULL
) ENGINE=InnoDB DEFAULT CHARSET=utf8mb4 COLLATE=utf8mb4_unicode_ci;

--
-- Dumping data for table `sessions`
--

INSERT INTO `sessions` (`ss_id`, `us_email`, `ss_isActive`) VALUES
(54, 2, 'khnn26gcsi4i6lvdui26m1gjja'),
(60, 3, '9q0s9b8bk6eqjh9lm8uqf940s7'),
(63, 1234, '9q0s9b8bk6eqjh9lm8uqf940s7'),
(64, 1234, 'q9bbb343ljr2n77isb30kbm7n7'),
(65, 1234, 'q9bbb343ljr2n77isb30kbm7n7');

-- --------------------------------------------------------

--
-- Table structure for table `stud`
--

CREATE TABLE `stud` (
  `st_id` int(11) NOT NULL,
  `st_cl_id` int(11) NOT NULL,
  `st_pib` varchar(40) NOT NULL,
  `st_birsday` varchar(10) NOT NULL,
  `st_stat` varchar(2) NOT NULL,
  `st_status` varchar(20) NOT NULL
) ENGINE=InnoDB DEFAULT CHARSET=utf8 COLLATE=utf8_unicode_ci;

--
-- Dumping data for table `stud`
--

INSERT INTO `stud` (`st_id`, `st_cl_id`, `st_pib`, `st_birsday`, `st_stat`, `st_status`) VALUES
(371, 3, 'Блажкевич Анастасія ', '', 'ж', 'Навчається'),
(372, 3, 'Боднар Олег ', '', 'ч', 'Навчається'),
(373, 3, 'Брильовська Маргарита', '', 'ж', 'Навчається'),
(374, 3, 'Вовк Анна ', '', 'ж', 'Навчається'),
(375, 3, 'Волошин Марта', '', 'ж', 'Навчається'),
(376, 3, 'Гнідець Маркіян ', '', 'ч', 'Навчається'),
(377, 3, 'Дуб Дам`ян', '', 'ч', 'Навчається'),
(378, 3, 'Красінський Данило ', '', 'ч', 'Навчається'),
(379, 3, 'Летенко Каріна ', '', 'ж', 'Навчається'),
(380, 3, 'Лехкар Нестор', '', 'ч', 'Навчається'),
(381, 3, 'Мазяр Данило', '', 'ч', 'Навчається'),
(382, 3, 'Михалко Арсен', '', 'ч', 'Навчається'),
(383, 3, 'Муль Марко ', '', 'ч', 'Навчається'),
(384, 3, 'Німилович Владислав', '', 'ч', 'Навчається'),
(385, 3, 'Панкратов Владислав ', '', 'ч', 'Навчається'),
(386, 3, 'Паращук Олександра ', '', 'ж', 'Навчається'),
(387, 3, 'Риштий Остап ', '', 'ч', 'Навчається'),
(388, 3, 'Скотна Варвара ', '', 'ж', 'Навчається'),
(389, 3, 'Смакула Вікторія', '', 'ж', 'Навчається'),
(390, 3, 'Сніданко Максим', '', 'ч', 'Навчається'),
(391, 3, 'Стецишин Юрій', '', 'ч', 'Навчається'),
(392, 3, 'Танчук Віталій ', '', 'ч', 'Навчається'),
(393, 3, 'Фігура Вікторія', '', 'ж', 'Навчається'),
(394, 3, 'Фідик Денис ', '', 'ж', 'Навчається'),
(395, 3, 'Чміль Олександр ', '', 'ж', 'Навчається'),
(396, 3, 'Чушак Ілона', '', 'ж', 'Навчається'),
(397, 3, 'Шакалець Анна', '', 'ж', 'Навчається'),
(398, 4, 'Андрієвська Анна ', '', 'ж', 'Навчається'),
(399, 4, 'Андрушко Анна ', '', 'ж', 'Навчається'),
(400, 4, 'Бенівчак Тимофій ', '', 'ч', 'Навчається'),
(401, 4, 'Бігун Артем ', '', 'ч', 'Навчається'),
(402, 4, 'Болецький Микола ', '', 'ч', 'Навчається'),
(403, 4, 'Бурдельний Дмитро ', '', 'ч', 'Навчається'),
(404, 4, 'Дум`як Марія ', '', 'ж', 'Навчається'),
(405, 4, 'Дягілєва Марина', '', 'ж', 'Навчається'),
(406, 4, 'Зварич Богдан', '', 'ч', 'Навчається'),
(407, 4, 'Іваненко Діана ', '', 'ж', 'Навчається'),
(408, 4, 'Кігічак Матвій ', '', 'ч', 'Навчається'),
(409, 4, 'Кобзяк Влад', '', 'ч', 'Навчається'),
(410, 4, 'Костюк Яна', '', 'ж', 'Навчається'),
(411, 4, 'Кушнір Роберт', '', 'ч', 'Навчається'),
(412, 4, 'Лабойко Кароліна', '', 'ж', 'Навчається'),
(413, 4, 'Луценко Маркіян', '', 'ч', 'Навчається'),
(414, 4, 'Назарчук Ростислав ', '', 'ч', 'Навчається'),
(415, 4, 'Павлюк Давид', '', 'ч', 'Навчається'),
(416, 4, 'Савка Софія', '', 'ж', 'Навчається'),
(417, 4, 'Сайчук Каміла', '', 'ж', 'Навчається'),
(418, 4, 'Сич Руслан', '', 'ч', 'Навчається'),
(419, 4, 'Соболевська Діана', '', 'ж', 'Навчається'),
(420, 4, 'Тустанівський Давид', '', 'ч', 'Навчається'),
(421, 4, 'Федьків Діана', '', 'ж', 'Навчається'),
(422, 4, 'Чурсіна Евеліна', '', 'ж', 'Навчається'),
(423, 4, 'Юзвак Тетяна', '', 'ж', 'Навчається'),
(424, 4, 'Юрчак Юрій-Павло', '', 'ч', 'Навчається'),
(425, 5, 'Альберда Евеліна ', '', 'ж', 'Навчається'),
(426, 5, 'Богумила Камілла ', '', 'ж', 'Навчається'),
(427, 5, 'Васюрко Денис', '', 'ч', 'Навчається'),
(428, 5, 'Вороніна Надія', '', 'ж', 'Навчається'),
(429, 5, 'Галелюк Іван', '', 'ч', 'Навчається'),
(430, 5, 'Гівчак Вікторія', '', 'ж', 'Навчається'),
(431, 5, 'Жумірчак Максим', '', 'ч', 'Навчається'),
(432, 5, 'Іваніщева Анастасія', '', 'ж', 'Навчається'),
(433, 5, 'Іваськів Віра', '', 'ж', 'Навчається'),
(434, 5, 'Кириленко Марта', '', 'ж', 'Навчається'),
(435, 5, 'Кобільник Софія-Віра', '', 'ж', 'Навчається'),
(436, 5, 'Костецький Матвій', '', 'ч', 'Навчається'),
(437, 5, 'Крайчик Ольга ', '', 'ж', 'Навчається'),
(438, 5, 'Кретчак Георгій', '', 'ч', 'Навчається'),
(439, 5, 'Кулешко Софія ', '', 'ж', 'Навчається'),
(440, 5, 'Купич Кароліна', '', 'ж', 'Навчається'),
(441, 5, 'Лукавська Анна-Марія ', '', 'ж', 'Навчається'),
(442, 5, 'Михальчишин Анастасія', '', 'ж', 'Навчається'),
(443, 5, 'Овчаренко Єлизавета ', '', 'ж', 'Навчається'),
(444, 5, 'Панчишак Юлія ', '', 'ж', 'Навчається'),
(445, 5, 'Петрах Анна', '', 'ж', 'Навчається'),
(446, 5, 'Потикевич Матвій', '', 'ч', 'Навчається'),
(447, 5, 'Савшак Ярина', '', 'ж', 'Навчається'),
(448, 5, 'Сітинська Яніна', '', 'ж', 'Навчається'),
(449, 5, 'Соболь Софія ', '', 'ж', 'Навчається'),
(450, 5, 'Созанський Данило', '', 'ч', 'Навчається'),
(451, 5, 'Шнайдер Анна', '', 'ж', 'Навчається'),
(452, 5, 'Шоробур Злата', '', 'ж', 'Навчається'),
(453, 6, 'Андрейко Елеонора', '', 'ж', 'Навчається'),
(454, 6, 'Андрушків Остап', '', 'ч', 'Навчається'),
(455, 6, 'Бечкало Марта', '', 'ж', 'Навчається'),
(456, 6, 'Борис Поліна', '', 'ж', 'Навчається'),
(457, 6, 'Воляр Злата', '', 'ж', 'Навчається'),
(458, 6, 'Гайда Софія', '', 'ж', 'Навчається'),
(459, 6, 'Гром Марта ', '', 'ж', 'Навчається'),
(460, 6, 'Гордієвич Максим', '', 'ч', 'Навчається'),
(461, 6, 'Городиська Марта', '', 'ж', 'Навчається'),
(462, 6, 'Джугостран Аліна', '', 'ж', 'Навчається'),
(463, 6, 'Заміщак Аліна', '', 'ж', 'Навчається'),
(464, 6, 'Іваськевич Павло', '', 'ч', 'Навчається'),
(465, 6, 'Карелін Артем', '', 'ч', 'Навчається'),
(466, 6, 'Карпин Марія', '', 'ж', 'Навчається'),
(467, 6, 'Кийко Олександра', '', 'ж', 'Навчається'),
(468, 6, 'Козлова Дар`я', '', 'ж', 'Навчається'),
(469, 6, 'Медвідь Максим', '', 'ч', 'Навчається'),
(470, 6, 'Пилат Марія', '', 'ж', 'Навчається'),
(471, 6, 'Підвальна Злата', '', 'ж', 'Навчається'),
(472, 6, 'Прокопчук Софія-Марія', '', 'ж', 'Навчається'),
(473, 6, 'Станович Анна', '', 'ж', 'Навчається'),
(474, 6, 'Фоміна Діана', '', 'ж', 'Навчається'),
(475, 6, 'Федуняк Анна', '', 'ж', 'Навчається'),
(476, 6, 'Цвірчак Марта', '', 'ж', 'Навчається'),
(477, 7, 'Білик Христина ', '', 'ж', 'Навчається'),
(478, 7, 'Будник Вікторія', '', 'ж', 'Навчається'),
(479, 7, 'Бунь Марія', '', 'ж', 'Навчається'),
(480, 7, 'Бушта Соломія', '', 'ж', 'Навчається'),
(481, 7, 'Возна Софія ', '', 'ж', 'Навчається'),
(482, 7, 'Гавронський Олександр', '', 'ч', 'Навчається'),
(483, 7, 'Геремеш Анастасія', '', 'ж', 'Навчається'),
(484, 7, 'Грицик Марта', '', 'ж', 'Навчається'),
(485, 7, 'Дейниченко Марта', '', 'ж', 'Навчається'),
(486, 7, 'Добрянська Наталія ', '', 'ж', 'Навчається'),
(487, 7, 'Дубицький Олег ', '', 'ч', 'Навчається'),
(488, 7, 'Захарко Віолета ', '', 'ж', 'Навчається'),
(489, 7, 'Кахній Олеся ', '', 'ж', 'Навчається'),
(490, 7, 'Конарський Максим ', '', 'ч', 'Навчається'),
(491, 7, 'Кондрацький Юрій ', '', 'ж', 'Навчається'),
(492, 7, 'Коцан Діана ', '', 'ж', 'Навчається'),
(493, 7, 'Лоб Анастасія', '', 'ж', 'Навчається'),
(494, 7, 'Майкут Наталія ', '', 'ж', 'Навчається'),
(495, 7, 'Мельник Яна-Марія', '', 'ж', 'Навчається'),
(496, 7, 'Мецан Соломія', '', 'ж', 'Навчається'),
(497, 7, 'Саламага Павло', '', 'ч', 'Навчається'),
(498, 7, 'Старух Анна-Марія', '', 'ж', 'Навчається'),
(499, 7, 'Степановська Анна', '', 'ж', 'Навчається'),
(500, 7, 'Федів Анастасія', '', 'ж', 'Навчається'),
(501, 7, 'Федоренко Олена', '', 'ж', 'Навчається'),
(502, 7, 'Хомишин Юлія', '', 'ж', 'Навчається'),
(503, 7, 'Чепіль Данило', '', 'ч', 'Навчається'),
(504, 7, 'Шишка Ірина', '', 'ж', 'Навчається'),
(505, 7, 'Щербанік Діана', '', 'ж', 'Навчається'),
(506, 7, 'Ясюра Дарина', '', 'ж', 'Навчається'),
(507, 8, 'Антонюк Арсеній', '', 'ч', 'Навчається'),
(508, 8, 'Височанська Софія', '', 'ж', 'Навчається'),
(509, 8, 'Войтович Ярослав', '', 'ч', 'Навчається'),
(510, 8, 'Волошин Роман', '', 'ч', 'Навчається'),
(511, 8, 'Гринаш Софія', '', 'ж', 'Навчається'),
(512, 8, 'Добош Віктор', '', 'ж', 'Навчається'),
(513, 8, 'Задорожний Назарій', '', 'ч', 'Навчається'),
(514, 8, 'Іванцюра Анастасія', '', 'ж', 'Навчається'),
(515, 8, 'Камаєв Данило', '', 'ч', 'Навчається'),
(516, 8, 'Кізло Андрій', '', 'ж', 'Навчається'),
(517, 8, 'Колодійчик Макар ', '', 'ч', 'Навчається'),
(518, 8, 'Коцюба Роксолана', '', 'ж', 'Навчається'),
(519, 8, 'Красногурська Уляна', '', 'ж', 'Навчається'),
(520, 8, 'Курчак Юліана', '', 'ж', 'Навчається'),
(521, 8, 'Кушнір Іван', '', 'ч', 'Навчається'),
(522, 8, 'Маркопольська Кароліна', '', 'ж', 'Навчається'),
(523, 8, 'Маркопольський Олег', '', 'ч', 'Навчається'),
(524, 8, 'Мельничук Володимир', '', 'ч', 'Навчається'),
(525, 8, 'Мищатин Марта', '', 'ж', 'Навчається'),
(526, 8, 'Ортинський Нестор  ', '', 'ч', 'Навчається'),
(527, 8, 'Пастернак Назар', '', 'ж', 'Навчається'),
(528, 8, 'Семкович Єлизавета', '', 'ж', 'Навчається'),
(529, 8, 'Середницький Владислав', '', 'ч', 'Навчається'),
(530, 8, 'Ставицький Олег', '', 'ж', 'Навчається'),
(531, 8, 'Струналь Віталіна', '', 'ж', 'Навчається'),
(532, 8, 'Терехова Софія', '', 'ж', 'Навчається'),
(533, 8, 'Тиць Владислав', '', 'ч', 'Навчається'),
(534, 8, 'Яворська Марта', '', 'ж', 'Навчається'),
(535, 9, 'Волошин Артур', '', 'ч', 'Навчається'),
(536, 9, 'Грудзинський Владислав', '', 'ч', 'Навчається'),
(537, 9, 'Донцов Данило', '', 'ч', 'Навчається'),
(538, 9, 'Дорошенко Назар', '', 'ч', 'Навчається'),
(539, 9, 'Дудяк Марія', '', 'ж', 'Навчається'),
(540, 9, 'Жидик Владислав', '', 'ч', 'Навчається'),
(541, 9, 'Кігічак Володимир', '', 'ч', 'Навчається'),
(542, 9, 'Кігічак Софія', '', 'ж', 'Навчається'),
(543, 9, 'Кімак Владислав', '', 'ч', 'Навчається'),
(544, 9, 'Ковальницький Арсен', '', 'ч', 'Навчається'),
(545, 9, 'Козяк Христина', '', 'ж', 'Навчається'),
(546, 9, 'Коца Діана-Марія', '', 'ж', 'Навчається'),
(547, 9, 'Кретчак Захар', '', 'ч', 'Навчається'),
(548, 9, 'Кришталь Віталія', '', 'ж', 'Навчається'),
(549, 9, 'Кушнір Віктор', '', 'ч', 'Навчається'),
(550, 9, 'Легедза Соломія', '', 'ж', 'Навчається'),
(551, 9, 'Леонова Аліна', '', 'ж', 'Навчається'),
(552, 9, 'Мартинюк Олександр', '', 'ч', 'Навчається'),
(553, 9, 'Матчишин Павло', '', 'ч', 'Навчається'),
(554, 9, 'Онисько Роман', '', 'ч', 'Навчається'),
(555, 9, 'Паращук Марта', '', 'ж', 'Навчається'),
(556, 9, 'Петрик Михайло', '', 'ч', 'Навчається'),
(557, 9, 'Подобінський Остап', '', 'ч', 'Навчається'),
(558, 9, 'Садовий Олег', '', 'ч', 'Навчається'),
(559, 9, 'Стрілець Матвій', '', 'ч', 'Навчається'),
(560, 9, 'Торський Олег', '', 'ч', 'Навчається'),
(561, 9, 'Трубач Іван', '', 'ч', 'Навчається'),
(562, 9, 'Ульмер Марко', '', 'ч', 'Навчається'),
(563, 9, 'Хомиця Михайло', '', 'ч', 'Навчається'),
(564, 27, 'Авдіянц Гарєгін', '', 'ч', 'Навчається'),
(565, 27, 'Банішевський Андрій', '', 'ч', 'Навчається'),
(566, 27, 'Барна Любомир', '', 'ч', 'Навчається'),
(567, 27, 'Босак Олександр', '', 'ч', 'Навчається'),
(568, 27, 'Босак Євген', '', 'ч', 'Навчається'),
(569, 27, 'Броварська Вікторія', '', 'ж', 'Навчається'),
(570, 27, 'Войтович Анна', '', 'ж', 'Навчається'),
(571, 27, 'Гринаш Діана', '', 'ж', 'Навчається'),
(572, 27, 'Горват Діана ', '', 'ж', 'Навчається'),
(573, 27, 'Дорошевич Данило', '', 'ч', 'Навчається'),
(574, 27, 'Дутко Богдан ', '', 'ч', 'Навчається'),
(575, 27, 'Зарицький Владислав', '', 'ч', 'Навчається'),
(576, 27, 'Іванців Ярина', '', 'ж', 'Навчається'),
(577, 27, 'Козар Вікторія ', '', 'ж', 'Навчається'),
(578, 27, 'Кулиняк Степан ', '', 'ч', 'Навчається'),
(579, 27, 'Летенко Олексій ', '', 'ч', 'Навчається'),
(580, 27, 'Лопатчак Михайло ', '', 'ч', 'Навчається'),
(581, 27, 'Маліш Анастасія ', '', 'ж', 'Навчається'),
(582, 27, 'Мацько Софія ', '', 'ж', 'Навчається'),
(583, 27, 'Мєденцов Михайло ', '', 'ч', 'Навчається'),
(584, 27, 'Олексяк Дмитро', '', 'ч', 'Навчається'),
(585, 27, 'Пігур Марія ', '', 'ж', 'Навчається'),
(586, 27, 'Пільчак Максим ', '', 'ч', 'Навчається'),
(587, 27, 'Томин Артем ', '', 'ч', 'Навчається'),
(588, 27, 'Хомич Соломія ', '', 'ж', 'Навчається'),
(589, 27, 'Чернявський Давид', '', 'ч', 'Навчається'),
(590, 27, 'Чувакова Юстина ', '', 'ж', 'Навчається'),
(591, 11, 'Адикевич Оксана', '', 'ж', 'Навчається'),
(592, 11, 'Багрій Вікторія', '', 'ж', 'Навчається'),
(593, 11, 'Багрій Ольга', '', '', 'Навчається'),
(594, 11, 'Бараняк Андрій', '', 'ч', 'Навчається'),
(595, 11, 'Галів Марія', '', 'ж', 'Навчається'),
(596, 11, 'Гарбіч Денис', '', 'ч', 'Навчається'),
(597, 11, 'Гритчак Анна', '', 'ж', 'Навчається'),
(598, 11, 'Гуцело Соломія', '', 'ж', 'Навчається'),
(599, 11, 'Дудич Анастасія', '', 'ж', 'Навчається'),
(600, 11, 'Іваськевич Олег', '', 'ч', 'Навчається'),
(601, 11, 'Кабацька Ангеліна', '', 'ж', 'Навчається'),
(602, 11, 'Коляса Вікторія', '', 'ж', 'Навчається'),
(603, 11, 'Копач Марта', '', 'ж', 'Навчається'),
(604, 11, 'Кушнір Павло', '', 'ч', 'Навчається'),
(605, 11, 'Липа Дмитро', '', 'ч', 'Навчається'),
(606, 11, 'Лірник Микола', '', 'ч', 'Навчається'),
(607, 11, 'Лужецький Максим', '', 'ч', 'Навчається'),
(608, 11, 'Матійчук Олександр', '', 'ч', 'Навчається'),
(609, 11, 'Мецан Марія', '', 'ж', 'Навчається'),
(610, 11, 'Наум Олександр', '', 'ч', 'Навчається'),
(611, 11, 'Нікітенко Єлизавета', '', '', 'Навчається'),
(612, 11, 'Ортинська Ярина', '', 'ж', 'Навчається'),
(613, 11, 'Панчишак Софія', '', 'ж', 'Навчається'),
(614, 11, 'Паращак Юліанна', '', 'ж', 'Навчається'),
(615, 11, 'Понтус Владислав', '', 'ч', 'Навчається'),
(616, 11, 'Проць Ярослав', '', 'ч', 'Навчається'),
(617, 11, 'Пурій Зоряна', '', 'ж', 'Навчається'),
(618, 11, 'Романович Анастасія', '', 'ж', 'Навчається'),
(619, 11, 'Хемич Денис', '', 'ч', 'Навчається'),
(620, 11, 'Хоркавців Олександр', '', 'ч', 'Навчається'),
(621, 11, 'Чайківська Оксана', '', 'ж', 'Навчається'),
(622, 11, 'Шевців Яна', '', 'ж', 'Навчається'),
(623, 11, 'Шлапак Анна', '', 'ж', 'Навчається'),
(624, 12, 'Бандрівський Святослав', '', 'ч', 'Навчається'),
(625, 12, 'Блажкевич Владислав', '', 'ч', 'Навчається'),
(626, 12, 'Богумила Сабріна', '03-06-2011', 'ж', 'Навчається'),
(627, 12, 'Болецький Святослав-Ігор', '07-04-2011', 'ч', 'Навчається'),
(628, 12, 'Бунь Яна', '', 'ж', 'Навчається'),
(629, 12, 'Винницький Іван', '', 'ч', 'Навчається'),
(630, 12, 'Владика Ярослав', '', 'ч', 'Навчається'),
(631, 12, 'Галюк Роман', '', 'ч', 'Навчається'),
(632, 12, 'Головкевич Анна', '', 'ж', 'Навчається'),
(633, 12, 'Дюк Ростислав', '19-08-2011', 'ч', 'Навчається'),
(634, 12, 'Іваник Анастасія', '07-01-2011', 'ж', 'Навчається'),
(635, 12, 'Іваніщев Олександр', '', 'ч', 'Навчається'),
(636, 12, 'Іванців Маркіян', '02-07-2011', 'ч', 'Навчається'),
(637, 12, 'Ілляш Олександр', '', 'ч', 'Навчається'),
(638, 12, 'Кісик Остап', '', 'ч', 'Навчається'),
(639, 12, 'Коваль Соломія', '', 'ж', 'Навчається'),
(640, 12, 'Коваль Софія', '', 'ж', 'Навчається'),
(641, 12, 'Костик Світлана', '', 'ж', 'Навчається'),
(642, 12, 'Красінський Денис', '04-06-2011', 'ч', 'Навчається'),
(643, 12, 'Куриляк Яна', '', 'ж', 'Навчається'),
(644, 12, 'Михалко Андрій', '', 'ч', 'Навчається'),
(645, 12, 'Павлів Анна', '', 'ж', 'Навчається'),
(646, 12, 'Петренко Маркіян', '27-07-2011', 'ч', 'Навчається'),
(647, 12, 'Проць Владислав', '', 'ч', 'Навчається'),
(648, 12, 'Радзієвська Ангеліна', '', 'ж', 'Навчається'),
(649, 12, 'Ульмер Давид', '6666666666', 'ч', 'Навчається'),
(650, 12, 'Федуняк Анастасія', '', 'ж', 'Навчається'),
(651, 12, 'Фок Степан', '', 'ч', 'Навчається'),
(652, 12, 'Фришко Іван', '', 'ч', 'Навчається'),
(653, 12, 'Харів Марта', '', 'ж', 'Навчається'),
(654, 12, 'Хоронжак Максим', '', 'ч', 'Навчається'),
(655, 12, 'Чопик Ярина', '', 'ж', 'Навчається'),
(656, 12, 'Шлярп Олег', '21-03-2011', 'ч', 'Навчається'),
(657, 12, 'Юринець Олександр', '', 'ч', 'За кордоном'),
(658, 13, 'Андрейко Святослав', '', 'ч', 'Навчається'),
(659, 13, 'Бабіч Олег', '', 'ч', 'Навчається'),
(660, 13, 'Берло Микола', '', 'ч', 'Навчається'),
(661, 13, 'Білий Захарій-Роман', '', 'ч', 'Навчається'),
(662, 13, 'Буга Каріна', '', 'ж', 'Навчається'),
(663, 13, 'Бульбах Роман', '', 'ч', 'Навчається'),
(664, 13, 'Возний Маркіян', '', 'ч', 'Навчається'),
(665, 13, 'Грицьків Марта', '', 'ж', 'Навчається'),
(666, 13, 'Дуб Марко', '', 'ч', 'Навчається'),
(667, 13, 'Жапалеу Денис-Марко', '', 'ч', 'Навчається'),
(668, 13, 'Кантор Софія', '', 'ж', 'Навчається'),
(669, 13, 'Кушлик Матвій', '', 'ч', 'Навчається'),
(670, 13, 'Масний Орест', '', 'ч', 'Навчається'),
(671, 13, 'Пашко Арсен', '', 'ч', 'Навчається'),
(672, 13, 'Пінчук Валерія', '', 'ж', 'Навчається'),
(673, 13, 'Приступляк Роман', '', 'ч', 'Навчається'),
(674, 13, 'Семкович Владислав', '', 'ч', 'Навчається'),
(675, 13, 'Сидорик Софія', '', 'ж', 'Навчається'),
(676, 13, 'Сметаняк Святослав', '', 'ч', 'Навчається'),
(677, 13, 'Старух Владислав', '', 'ч', 'Навчається'),
(678, 13, 'Стецьків Анастасія', '', 'ж', 'Навчається'),
(679, 13, 'Сук Матвій', '', 'ч', 'Навчається'),
(680, 13, 'Танчук Марко', '', 'ч', 'Навчається'),
(681, 13, 'Тидаш Ксенія', '', 'ж', 'Навчається'),
(682, 13, 'Томенюк Марія', '', 'ж', 'Навчається'),
(683, 13, 'Фендак Максим', '', 'ч', 'Навчається'),
(684, 13, 'Хлопецький Максим', '', 'ч', 'Навчається'),
(685, 13, 'Цехон Каріна', '', 'ж', 'Навчається'),
(686, 13, 'Чайківська Магдалина', '', 'ж', 'Навчається'),
(687, 13, 'Червак Анна', '', 'ж', 'Навчається'),
(688, 13, 'Шаповал Даніїл', '', 'ч', 'Навчається'),
(689, 13, 'Яворська Єлизавета', '', 'ж', 'Навчається'),
(690, 13, 'Яцуляк Катерина Вікторія', '', 'ж', 'Навчається'),
(691, 14, 'Бандрівська Єва', '', 'ж', 'Навчається'),
(692, 14, 'Біла Ольга', '', 'ж', 'Навчається'),
(693, 14, 'Бурич Софія', '', 'ж', 'Навчається'),
(694, 14, 'Бур`янська Марта', '', 'ж', 'Навчається'),
(695, 14, 'Брильовський Юрій', '', 'ч', 'Навчається'),
(696, 14, 'Василенко Олександр', '', 'ч', 'Навчається'),
(697, 14, 'Василиків Денис', '', 'ч', 'Навчається'),
(698, 14, 'Велика Ірина', '', 'ж', 'Навчається'),
(699, 14, 'Вірт-Кушнір Андрій', '', 'ч', 'Навчається'),
(700, 14, 'Геремеш Валерія', '', 'ж', 'Навчається'),
(701, 14, 'Гордієвич Ярина', '', 'ж', 'Навчається'),
(702, 14, 'Гречух Анна', '', 'ж', 'Навчається'),
(703, 14, 'Дейниченко Марія', '', 'ж', 'Навчається'),
(704, 14, 'Демків Ілля', '', 'ч', 'Навчається'),
(705, 14, 'Зубрицький Дем`ян', '', 'ч', 'Навчається'),
(706, 14, 'Кандур Матвій', '', 'ч', 'Навчається'),
(707, 14, 'Кобильник Софія', '', 'ж', 'Навчається'),
(708, 14, 'Коваль Соломія', '', 'ж', 'Навчається'),
(709, 14, 'Ковташинець Софія', '', 'ж', 'Навчається'),
(710, 14, 'Комарницька Софія', '', 'ж', 'Навчається'),
(711, 14, 'Конзюба Наталія', '', 'ж', 'Навчається'),
(712, 14, 'Лисий Максим', '', 'ч', 'Навчається'),
(713, 14, 'Манько Аліна', '', 'ж', 'Навчається'),
(714, 14, 'Мельник Надія', '', 'ж', 'Навчається'),
(715, 14, 'Мурза Орест', '', 'ч', 'Навчається'),
(716, 14, 'Онишків Агнеса', '', 'ж', 'Навчається'),
(717, 14, 'Павлів Денис', '', 'ч', 'Навчається'),
(718, 14, 'Паламарчук Анна', '', 'ж', 'Навчається'),
(719, 14, 'Поляруш Артур', '', 'ч', 'Навчається'),
(720, 14, 'Савка Денис', '', 'ч', 'Навчається'),
(721, 14, 'Цап Софія', '', 'ж', 'Навчається'),
(722, 14, 'Чайківський Остап', '', 'ч', 'Навчається'),
(723, 15, 'Андрієвська Уляна', '', 'ж', 'Навчається'),
(724, 15, 'Багрій Юлія', '', 'ч', 'Навчається'),
(725, 15, 'Базів Сергій', '', 'ч', 'Навчається'),
(726, 15, 'Герій Зорян', '', 'ч', 'Навчається'),
(727, 15, 'Горак Іванна', '', 'ж', 'Навчається'),
(728, 15, 'Дубицька Ольга', '', 'ж', 'Навчається'),
(729, 15, 'Дякович Юрій', '', 'ч', 'Навчається'),
(730, 15, 'Карпин Максим', '', 'ч', 'Навчається'),
(731, 15, 'Кобиринка Максим', '', 'ч', 'Навчається'),
(732, 15, 'Кондратюк Остап', '', 'ч', 'Навчається'),
(733, 15, 'Коцюба Анна', '', 'ж', 'Навчається'),
(734, 15, 'Куделич Анна-Марія', '', 'ж', 'Навчається'),
(735, 15, 'Лазарович Артур ', '', 'ч', 'Навчається'),
(736, 15, 'Макашев Олександр', '', 'ч', 'Навчається'),
(737, 15, 'Маковецький Владислав', '', 'ч', 'Навчається'),
(738, 15, 'Мариновський Юрій', '', 'ч', 'Навчається'),
(739, 15, 'Михаць Тетяна', '', 'ж', 'Навчається'),
(740, 15, 'Муравська Анна', '', 'ж', 'Навчається'),
(741, 15, 'Панченко Вікторія', '', 'ж', 'Навчається'),
(742, 15, 'Пиляк Остап', '', 'ч', 'Навчається'),
(743, 15, 'Проць Ярина', '', 'ж', 'Навчається'),
(744, 15, 'Сігетій Христина', '', 'ж', 'Навчається'),
(745, 15, 'Соболевський Адріан', '', 'ч', 'Навчається'),
(746, 15, 'Стеців Анастасія', '', 'ж', 'Навчається'),
(747, 15, 'Терлецька Вікторія', '', 'ж', 'Навчається'),
(748, 15, 'Ткач Софія', '', 'ж', 'Навчається'),
(749, 15, 'Цихівська Вероніка', '', 'ж', 'Навчається'),
(750, 15, 'Юзвак Данило', '', 'ч', 'Навчається'),
(751, 15, 'Юрків Павло', '', 'ч', 'Навчається'),
(752, 15, 'Ярош Анна', '', 'ж', 'Навчається'),
(753, 15, 'Яцишин Любомир', '', 'ч', 'Навчається'),
(754, 1, 'Адикевич Арсеній', '', 'ч', 'Навчається'),
(755, 1, 'Андрусів Євген', '', 'ч', 'Навчається'),
(756, 1, 'Белз Володимир', '', 'ч', 'Навчається'),
(757, 1, 'Бенівчак Марта', '', 'ж', 'Навчається'),
(758, 1, 'Бочарніков Денис', '', 'ч', 'Навчається'),
(759, 1, 'Бунь Ярослав', '', 'ч', 'Навчається'),
(760, 1, 'Волоска Марія', '', 'ж', 'Навчається'),
(761, 1, 'Городиська Соломія', '', 'ж', 'Навчається'),
(762, 1, 'Готько Ілона', '', 'ж', 'Навчається'),
(763, 1, 'Живчин Владислав', '', 'ч', 'Навчається'),
(764, 1, 'Кіселичник Марко', '', 'ч', 'Навчається'),
(765, 1, 'Кришталь Марта', '', 'ж', 'Навчається'),
(766, 1, 'Кулиняк Юрій', '', 'ч', 'Навчається'),
(767, 1, 'Куртяк Роман-Іван', '', 'ч', 'Навчається'),
(768, 1, 'Кухар Анна', '', 'ж', 'Навчається'),
(769, 1, 'Лагуш Анна', '', 'ж', 'Навчається'),
(770, 1, 'Марич Аліна', '', 'ж', 'Навчається'),
(771, 1, 'Марків Віталій', '', 'ч', 'Навчається'),
(772, 1, 'Мінчак Анастасія', '', 'ж', 'Навчається'),
(773, 1, 'Панасть Віталій', '', 'ч', 'Навчається'),
(774, 1, 'Панчишак Назарій', '', 'ч', 'Навчається'),
(775, 1, 'Петняк Романія', '', 'ж', 'Навчається'),
(776, 1, 'Петрик Анастасія', '', 'ж', 'Навчається'),
(777, 1, 'Пігур Наталія ', '', 'ж', 'Навчається'),
(778, 1, 'Проць Анна', '', 'ж', 'Навчається'),
(779, 1, 'Ружецька Аріанна', '', 'ж', 'Навчається'),
(780, 1, 'Савка Любомир', '', 'ч', 'Навчається'),
(781, 1, 'Стрельник Вероніка', '', 'ж', 'Навчається'),
(782, 1, 'Табачний Михайло', '', 'ч', 'Навчається'),
(783, 1, 'Урбан Арсен', '', 'ч', 'Навчається'),
(784, 1, 'Філіпова Марта', '', 'ж', 'Навчається'),
(785, 2, 'Бєлєнь Владислав', '', 'ч', 'Навчається'),
(786, 2, 'Білоган Єва', '', 'ж', 'Навчається'),
(787, 2, 'Блищак Марія', '', 'ж', 'Навчається'),
(788, 2, 'Галелюка Данило', '', 'ч', 'Навчається'),
(789, 2, 'Гаргай Марта', '', 'ж', 'Навчається'),
(790, 2, 'Гутович Денис', '', 'ч', 'Навчається'),
(791, 2, 'Гуцело Марта', '', 'ж', 'Навчається'),
(792, 2, 'Даниляк Андріана', '', 'ж', 'Навчається'),
(793, 2, 'Дем`яновський Василь', '', 'ч', 'Навчається'),
(794, 2, 'Жук Софія', '', 'ж', 'Навчається'),
(795, 2, 'Захарко Неоніла', '', 'ж', 'Навчається'),
(796, 2, 'Знак Вікторія', '', 'ж', 'Навчається'),
(797, 2, 'Знак Дем`ян', '', 'ч', 'Навчається'),
(798, 2, 'Іванів Святослав', '', 'ч', 'Навчається'),
(799, 2, 'Іжик Марія', '', 'ж', 'Навчається'),
(800, 2, 'Кириленко Софія', '', 'ж', 'Навчається'),
(801, 2, 'Кобзяк Артем', '', 'ч', 'Навчається'),
(802, 2, 'Козар Ольга', '', 'ж', 'Навчається'),
(803, 2, 'Кривуц Владислав', '', 'ч', 'Навчається'),
(804, 2, 'Кузьмин Анна', '', 'ж', 'Навчається'),
(805, 2, 'Меденци Юлія', '', 'ж', 'Навчається'),
(806, 2, 'Павлюх Арсен', '', 'ч', 'Навчається'),
(807, 2, 'Пагута Божена', '', 'ж', 'Навчається'),
(808, 2, 'Рак Максим', '', 'ч', 'Навчається'),
(809, 2, 'Ревкевич Вадим', '', 'ч', 'Навчається'),
(810, 2, 'Скалич Любомир', '', 'ч', 'Навчається'),
(811, 2, 'Сніданко Вікторія', '', 'ж', 'Навчається'),
(812, 2, 'Стецишин Назарій', '', 'ч', 'Навчається'),
(813, 2, 'Стець Максим', '', 'ч', 'Навчається'),
(814, 2, 'Федчишин Анна', '', 'ж', 'Навчається'),
(815, 2, 'Хоркавців Софія', '', 'ж', 'Навчається'),
(816, 2, 'Чушак Яна', '', 'ж', 'Навчається'),
(817, 2, 'Шкраба Андрій', '', 'ч', 'Навчається'),
(818, 2, 'Янко Вікторія', '', 'ж', 'Навчається'),
(819, 16, 'Біла Ксенія', '', 'ж', 'Навчається'),
(820, 16, 'Біляк Матвій', '', 'ч', 'Навчається'),
(821, 16, 'Боднар Назар', '', 'ч', 'Навчається'),
(822, 16, 'Волошенюк Христина', '', 'ж', 'Навчається'),
(823, 16, 'Дурибаба Соломія', '', 'ж', 'Навчається'),
(824, 16, 'Заяц Роман', '', 'ч', 'Навчається'),
(825, 16, 'Івасівка Остап', '', 'ч', 'Навчається'),
(826, 16, 'Кашич Михайло', '', 'ч', 'Навчається'),
(827, 16, 'Кішків Вікторія', '', 'ж', 'Навчається'),
(828, 16, 'Козяк Вероніка', '', 'ж', 'Навчається'),
(829, 16, 'Короленко Леся', '', 'ж', 'Навчається'),
(830, 16, 'Король Владислав', '', 'ч', 'Навчається'),
(831, 16, 'Красногурська Олена', '', 'ж', 'Навчається'),
(832, 16, 'Кузьменко Марта', '', 'ж', 'Навчається'),
(833, 16, 'Лаврик Денис', '', 'ч', 'Навчається'),
(834, 16, 'Лепак Олександр', '', 'ч', 'Навчається'),
(835, 16, 'Магур Юліана', '', 'ж', 'Навчається'),
(836, 16, 'Макар Соломія', '', 'ж', 'Навчається'),
(837, 16, 'Мартинюк Ольга', '', 'ж', 'Навчається'),
(838, 16, 'Мотрич Богдан', '', 'ч', 'Навчається'),
(839, 16, 'Онишкевич Артем', '', 'ч', 'Навчається'),
(840, 16, 'Паласевич Юрій', '', 'ч', 'Навчається'),
(841, 16, 'Підлужний Василь', '', 'ч', 'Навчається'),
(842, 16, 'Процик Святослав', '', 'ч', 'Навчається'),
(843, 16, 'Рудницький Павло', '', 'ч', 'Навчається'),
(844, 16, 'Сілецька Аліна', '', 'ж', 'Навчається'),
(845, 16, 'Сокур Олександр', '', 'ч', 'Навчається'),
(846, 16, 'Стасюкевич Аліна', '', 'ж', 'Навчається'),
(847, 16, 'Стрілець Богдан', '', 'ч', 'Навчається'),
(848, 16, 'Твердовський Максим', '', 'ч', 'Навчається'),
(849, 16, 'Твердовський Юрій', '', 'ч', 'Навчається'),
(850, 16, 'Устай Володимир', '', 'ч', 'Навчається'),
(851, 16, 'Франків Софія', '', 'ж', 'Навчається'),
(852, 16, 'Чемерис Григорій', '', 'ч', 'Навчається'),
(853, 17, 'Баб`як Максим', '', 'ч', 'Навчається'),
(854, 17, 'Беца Денис', '', 'ч', 'Навчається'),
(855, 17, 'Борис Наталія', '', 'ж', 'Навчається'),
(856, 17, 'Гейвич Софія', '', 'ж', 'Навчається'),
(857, 17, 'Гнатів Андрій', '', 'ч', 'Навчається'),
(858, 17, 'Іванішів Юрій', '', 'ч', 'Навчається'),
(859, 17, 'Каленич Марта', '', 'ж', 'Навчається'),
(860, 17, 'Карп`як Павло', '', 'ч', 'Навчається'),
(861, 17, 'Климчук Остап', '', 'ж', 'Навчається'),
(862, 17, 'Кобільник Данило', '', 'ч', 'Навчається'),
(863, 17, 'Котів Анастасія', '', 'ж', 'Навчається'),
(864, 17, 'Козловський Данило', '', 'ч', 'Навчається'),
(865, 17, 'Коцан Віталіна', '', 'ч', 'Навчається'),
(866, 17, 'Кухар Софія', '', 'ж', 'Навчається'),
(867, 17, 'Кушнір Юрій', '', 'ч', 'Навчається'),
(868, 17, 'Ліщинська Оксана', '', 'ж', 'Навчається'),
(869, 17, 'Лютик Оксана', '', 'ж', 'Навчається'),
(870, 17, 'Мариняк Вероніка', '', 'ж', 'Навчається'),
(871, 17, 'Підгородецький Назарій', '', 'ч', 'Навчається'),
(872, 17, 'Паращак Віолетта', '', 'ч', 'Навчається'),
(873, 17, 'Петречко Андрій', '', 'ч', 'Навчається'),
(874, 17, 'Пиль Діана', '', 'ж', 'Навчається'),
(875, 17, 'Редчиць Владислав', '', 'ч', 'Навчається'),
(876, 17, 'Саричева Соломія', '', 'ж', 'Навчається'),
(877, 17, 'Сидор Христина', '', 'ж', 'Навчається'),
(878, 17, 'Сітинський Павло', '', 'ч', 'Навчається'),
(879, 17, 'Столярчук Анастасія', '', 'ж', 'Навчається'),
(880, 17, 'Ткачук Сергій', '', 'ч', 'Навчається'),
(881, 17, 'Хом`як Влада', '', 'ж', 'Навчається'),
(882, 17, 'Яворський Віталій', '', 'ч', 'Навчається'),
(883, 18, 'Андріяшин Павло', '', 'ч', 'Навчається'),
(884, 18, 'Багрій Мар`яна', '', 'ч', 'Навчається'),
(885, 18, 'Баляс Вероніка', '', 'ж', 'Навчається'),
(886, 18, 'Бульбах Софія', '', 'ж', 'Навчається'),
(887, 18, 'Врублевська Наталія', '', 'ж', 'Навчається'),
(888, 18, 'Галелюк Арсен', '', 'ч', 'Навчається'),
(889, 18, 'Горват Христина', '', 'ж', 'Навчається'),
(890, 18, 'Губицький Олег', '', 'ч', 'Навчається'),
(891, 18, 'Дичко Аліна', '', '', 'Навчається'),
(892, 18, 'Зарицька Анастасія', '', 'ж', 'Навчається'),
(893, 18, 'Калапунь Софія', '', 'ж', 'Навчається'),
(894, 18, 'Клонцак Антоніна', '', 'ж', 'Навчається'),
(895, 18, 'Ковалевич Христина', '', 'ж', 'Навчається'),
(896, 18, 'Костик Христина', '', 'ж', 'Навчається'),
(897, 18, 'Круглій Святослав', '', 'ч', 'Навчається'),
(898, 18, 'Куталов Артем', '', 'ч', 'Навчається'),
(899, 18, 'Михальцевич Олег', '', 'ч', 'Навчається'),
(900, 18, 'Муль Інеса', '', 'ж', 'Навчається'),
(901, 18, 'Муравська Соломія', '', 'ж', 'Навчається'),
(902, 18, 'Онуфрієнко Софія', '', 'ж', 'Навчається'),
(903, 18, 'Павлова Вероніка', '', 'ж', 'Навчається'),
(904, 18, 'Пащенко Тарас', '', 'ч', 'Навчається'),
(905, 18, 'Різник Діана', '', 'ж', 'Навчається'),
(906, 18, 'Робич Вероніка', '', 'ж', 'Навчається'),
(907, 18, 'Сікора Остап', '', 'ч', 'Навчається'),
(908, 18, 'Стецюк Давид', '', 'ч', 'Навчається'),
(909, 18, 'Хававчак Максим', '', 'ч', 'Навчається'),
(910, 18, 'Харкавців Дмитро', '', 'ч', 'Навчається'),
(911, 18, 'Хлопик Віталій', '', 'ч', 'Навчається'),
(912, 18, 'Цюба Максим ', '', 'ч', 'Навчається'),
(913, 18, 'Шешурак Денис', '', 'ч', 'Навчається'),
(914, 18, 'Юрків Роксолана', '', 'ж', 'Навчається'),
(915, 26, 'Балачук Максим', '', 'ч', 'Навчається'),
(916, 26, 'Берегуляк Остап', '', 'ч', 'Навчається'),
(917, 26, 'Бечкало Максим', '', 'ч', 'Навчається'),
(918, 26, 'Біляк Анастасія', '', 'ж', 'Навчається'),
(919, 26, 'Волошин Володимир', '', 'ч', 'Навчається'),
(920, 26, 'Волянська Анна', '', 'ж', 'Навчається'),
(921, 26, 'Габрівський Іван', '', 'ч', 'Навчається'),
(922, 26, 'Гарбовська Віталіна', '', 'ж', 'Навчається'),
(923, 26, 'Грабар Софія', '', 'ж', 'Навчається'),
(924, 26, 'Єлін Анна', '', 'ж', 'Навчається'),
(925, 26, 'Зандгайм Роберт', '', 'ч', 'Навчається'),
(926, 26, 'Карпин Марко', '', 'ч', 'Навчається'),
(927, 26, 'Колеса Вікторія', '', 'ж', 'Навчається'),
(928, 26, 'Колюбанич Юрій', '', 'ч', 'Навчається'),
(929, 26, 'Коцюба Анна', '', 'ж', 'Навчається'),
(930, 26, 'Кушнір Максим', '', 'ч', 'Навчається'),
(931, 26, 'Маланкевич Роксолана', '', 'ж', 'Навчається'),
(932, 26, 'Масюшкін Гаррі', '', 'ч', 'Навчається'),
(933, 26, 'Мельник Петро', '', 'ч', 'Навчається'),
(934, 26, 'Наум Сергій', '', 'ч', 'Навчається'),
(935, 26, 'Нєхлєбова Вікторія', '', 'ж', 'Навчається'),
(936, 26, 'Огородник Данило', '', 'ч', 'Навчається'),
(937, 26, 'Осередчук Юлія', '', 'ж', 'Навчається'),
(938, 26, 'Ставицький Артем ', '', 'ч', 'Навчається'),
(939, 26, 'Супрун Юрій', '', 'ч', 'Навчається'),
(940, 26, 'Федаш Іван ', '', 'ч', 'Навчається'),
(941, 26, 'Фещак Ростислав', '', 'ч', 'Навчається'),
(942, 26, 'Хомицький Назарій', '', 'ч', 'Навчається'),
(943, 19, 'Барна Марія', '', 'ж', 'Навчається'),
(944, 19, 'Васюрко Христина', '', 'ж', 'Навчається'),
(945, 19, 'Гавронський Юрій', '', 'ч', 'Навчається'),
(946, 19, 'Гнилянський Ігор ', '', 'ч', 'Навчається'),
(947, 19, 'Заращак Назар', '', 'ч', 'Навчається'),
(948, 19, 'Кобильник Олександр', '25-09-2008', 'ч', 'Навчається'),
(949, 19, 'Краса Вікторія', '', 'ж', 'Навчається'),
(950, 19, 'Кундик Вероніка', '', 'ж', 'Навчається'),
(951, 19, 'Куцюк Микола', '', 'ч', 'Навчається'),
(952, 19, 'Лаврик Олександр', '', 'ч', 'Навчається'),
(953, 19, 'Лагуш Анастасія', '', 'ж', 'Навчається'),
(954, 19, 'Лащиніна Олександра', '', 'ж', 'Навчається'),
(955, 19, 'Левицький Андрій', '', 'ч', 'Навчається'),
(956, 19, 'Лепкий Юрій', '', 'ч', 'Навчається'),
(957, 19, 'Леснянська Марта', '', 'ж', 'Навчається'),
(958, 19, 'Мицик Олег', '', 'ч', 'Навчається'),
(959, 19, 'Мойко Аделіна', '', 'ж', 'Навчається'),
(960, 19, 'Наум Вікторія', '', 'ж', 'Навчається'),
(961, 19, 'Пиляк Назар', '', 'ч', 'Навчається'),
(962, 19, 'Пиріг Євген', '', 'ч', 'Навчається'),
(963, 19, 'Плазинська Вікторія', '', 'ж', 'Навчається'),
(964, 19, 'Соляник Анна', '', 'ж', 'Навчається'),
(965, 19, 'Соляник Оксана', '', 'ж', 'Навчається'),
(966, 19, 'Тустанівська Юлія', '', 'ж', 'Навчається'),
(967, 19, 'Фігура Юрій', '', 'ч', 'Навчається'),
(968, 19, 'Франків Ростислав', '', 'ч', 'Навчається'),
(969, 19, 'Шевчук Анастасія', '', 'ж', 'Навчається'),
(970, 19, 'Юрків Ілля', '', 'ч', 'Навчається'),
(971, 19, 'Яцик Олександр', '', 'ж', 'За кордоном'),
(972, 20, 'Білинська Анна', '', 'ж', 'Навчається'),
(973, 20, 'Бухтіярова Анна', '', 'ж', 'Навчається'),
(974, 20, 'Бухтіяров Арсен', '', 'ч', 'Навчається'),
(975, 20, 'Возна Ксенія', '', 'ж', 'Навчається'),
(976, 20, 'Гаргас Софія-Ольга', '', 'ж', 'Навчається'),
(977, 20, 'Генсьорек Марк', '', 'ч', 'Навчається'),
(978, 20, 'Дмитрах Злата-Марія', '', 'ж', 'Навчається'),
(979, 20, 'Дрозд Тетяна', '', 'ж', 'Навчається'),
(980, 20, 'Живчин Віталій', '', 'ч', 'Навчається'),
(981, 20, 'Жук Софія', '', 'ж', 'Навчається'),
(982, 20, 'Задорожна Христина', '', 'ж', 'Навчається'),
(983, 20, 'Кадишев Денис', '', 'ч', 'Навчається'),
(984, 20, 'Карпа Марта', '', 'ж', 'Навчається'),
(985, 20, 'Кая Еліф Наз', '', 'ж', 'Навчається'),
(986, 20, 'Квичка Оксана', '', 'ж', 'Навчається'),
(987, 20, 'Ковальчук Вікторія', '', 'ж', 'Навчається'),
(988, 20, 'Кос Вікторія', '', 'ж', 'Навчається'),
(989, 20, 'Кузьмин Євгенія', '', 'ж', 'Навчається'),
(990, 20, 'Куцик Іван', '', 'ч', 'Навчається'),
(991, 20, 'Кушнір Марія', '', 'ж', 'Навчається'),
(992, 20, 'Максимів Оксана', '', 'ж', 'Навчається'),
(993, 20, 'Підгородецька Анастасія', '', 'ж', 'Навчається'),
(994, 20, 'Піцур Анастасія', '', 'ж', 'Навчається'),
(995, 20, 'Ростоцька Вероніка', '', 'ж', 'Навчається'),
(996, 20, 'Свірняк Дарія', '', 'ж', 'Навчається'),
(997, 20, 'Сидорак Максим', '', 'ч', 'Навчається'),
(998, 20, 'Титар Богдан', '', 'ч', 'Навчається'),
(999, 20, 'Хомин Олена', '', 'ж', 'Навчається'),
(1000, 20, 'Чапля Ангеліна', '', 'ж', 'Навчається'),
(1001, 20, 'Юркевич Дарина', '', 'ж', 'Навчається'),
(1002, 20, 'Яцуляк Марія-Віолетта', '', 'ж', 'Навчається'),
(1003, 21, 'Амельченко Діана', '', 'ж', 'Навчається'),
(1004, 21, 'Бірн Юрій', '', 'ч', 'Навчається'),
(1005, 21, 'Борисевич Вікторія', '', 'ж', 'Навчається'),
(1006, 21, 'Бунь Вікторія', '', 'ж', 'Навчається'),
(1007, 21, 'Войтович Юрій', '', 'ч', 'Навчається'),
(1008, 21, 'Гладка Вікторія', '', 'ж', 'Навчається'),
(1009, 21, 'Голубінка Назар', '', 'ч', 'Навчається'),
(1010, 21, 'Даців Діана', '', 'ж', 'Навчається'),
(1011, 21, 'Домбровська Дана', '', 'ж', 'Навчається'),
(1012, 21, 'Канюк Вікторія', '', 'ж', 'Навчається'),
(1013, 21, 'Кігічак Марта', '', 'ж', 'Навчається'),
(1014, 21, 'Кіслінгір Віталія', '', 'ж', 'Навчається'),
(1015, 21, 'Климів Денис', '', 'ч', 'Навчається'),
(1016, 21, 'Колінко Наталія', '', 'ж', 'Навчається'),
(1017, 21, 'Коцюба Владислав', '', 'ч', 'Навчається'),
(1018, 21, 'Кульчицька Христина', '', 'ж', 'Навчається'),
(1019, 21, 'Кухарський Андрій', '', 'ч', 'Навчається'),
(1020, 21, 'Малашівська Марта', '', 'ж', 'Навчається'),
(1021, 21, 'Матківський Юліан', '', 'ч', 'Навчається'),
(1022, 21, 'Медвежинська Марія', '', 'ж', 'Навчається'),
(1023, 21, 'Мосіна Анастасія', '', 'ж', 'Навчається'),
(1024, 21, 'Очеретна Вікторія', '', 'ж', 'Навчається'),
(1025, 21, 'Попадин Анна', '', 'ж', 'Навчається'),
(1026, 21, 'Пупін Вікторія', '', 'ж', 'Навчається'),
(1027, 21, 'Румянцева Тетяна', '', 'ж', 'Навчається'),
(1028, 21, 'Табачний Олег', '', 'ч', 'Навчається'),
(1029, 21, 'Трускавецький Олександр', '', 'ч', 'Навчається'),
(1030, 21, 'Яхно Владислав', '', 'ч', 'Навчається'),
(1031, 22, 'Боб`як Данило-Богуслав ', '', 'ч', 'Навчається'),
(1032, 22, 'Бреньо Роман ', '', 'ч', 'Навчається'),
(1033, 22, 'Бушта Андрій ', '', 'ч', 'Навчається'),
(1034, 22, 'Гордієнко Андрій ', '', 'ч', 'Навчається'),
(1035, 22, 'Гошко Єлизавета', '', 'ж', 'Навчається'),
(1036, 22, 'Гринь Юлій-Костянтин', '', 'ч', 'Навчається'),
(1037, 22, 'Денега Павло', '', 'ч', 'Навчається'),
(1038, 22, 'Дмитрів Христина ', '', 'ж', 'Навчається'),
(1039, 22, 'Дудич Владислав ', '', 'ч', 'Навчається'),
(1040, 22, 'Дутка Олег ', '', 'ч', 'Навчається'),
(1041, 22, 'Жгута Павло ', '', 'ч', 'Навчається'),
(1042, 22, 'Жилінська Вероніка-Софія ', '', 'ж', 'Навчається'),
(1043, 22, 'Заморило Юлія ', '', 'ж', 'Навчається'),
(1044, 22, 'Ільницька Марія ', '', 'ж', 'Навчається'),
(1045, 22, 'Кігічак Петро ', '', 'ч', 'Навчається'),
(1046, 22, 'Коновалець Юлія ', '', 'ж', 'Навчається'),
(1047, 22, 'Коробко Ольга ', '', 'ж', 'Навчається'),
(1048, 22, 'Котормус Владислав ', '', 'ч', 'Навчається'),
(1049, 22, 'Леснянський Артем ', '', 'ч', 'Навчається'),
(1050, 22, 'Лялюк Лілія ', '', 'ж', 'Навчається'),
(1051, 22, 'Мітрофанова Вікторія ', '', 'ж', 'Навчається'),
(1052, 22, 'Мєдєнцов Валентин ', '', 'ч', 'Навчається'),
(1053, 22, 'Мищатин Марія ', '', 'ж', 'Навчається'),
(1054, 22, 'Паращук Любов ', '', 'ж', 'Навчається'),
(1055, 22, 'Розора Дарина ', '', 'ч', 'Навчається'),
(1056, 22, 'Савчин Андрій ', '', 'ч', 'Навчається'),
(1057, 22, 'Сіховський Владислав', '', 'ч', 'Навчається'),
(1058, 22, 'Умалінова Влада ', '', 'ж', 'Навчається'),
(1059, 22, 'Шама Віталій ', '', 'ч', 'Навчається'),
(1060, 22, 'Шишка Ярослав', '', 'ч', 'Навчається'),
(1061, 22, 'Яцимірський Андрій ', '', 'ч', 'Навчається'),
(1062, 23, 'Белз Марія ', '', 'ж', 'Навчається'),
(1063, 23, 'Бурдельна Єлизавета ', '', 'ж', 'Навчається'),
(1064, 23, 'Волошанська Юліана ', '', 'ж', 'Навчається'),
(1065, 23, 'Гинда Назар ', '', 'ч', 'Навчається'),
(1066, 23, 'Гринаш Христина ', '', 'ж', 'Навчається'),
(1067, 23, 'Джавала Олександра ', '', 'ж', 'Навчається'),
(1068, 23, 'Дрозд Наталія ', '', 'ж', 'Навчається'),
(1069, 23, 'Коляса Роксолана ', '', 'ж', 'Навчається'),
(1070, 23, 'Котик Ольга ', '', 'ж', 'Навчається'),
(1071, 23, 'Коцюба Надія ', '', 'ж', 'Навчається'),
(1072, 23, 'Курчак Анастасія', '', 'ж', 'Навчається'),
(1073, 23, 'Лазарович Ярина ', '', 'ж', 'Навчається'),
(1074, 23, 'Лунів Наталія ', '', 'ж', 'Навчається'),
(1075, 23, 'Мариняк Соломія', '', 'ж', 'Навчається'),
(1076, 23, 'Мельник Анна ', '', 'ж', 'Навчається'),
(1077, 23, 'Попель Марта ', '', 'ж', 'Навчається'),
(1078, 23, 'Русс Ельміра ', '', 'ж', 'Навчається'),
(1079, 23, 'Савченко Олег ', '', 'ч', 'Навчається'),
(1080, 23, 'Семкович Ангеліна ', '', 'ж', 'Навчається'),
(1081, 23, 'Сизоненко Олександр ', '', 'ч', 'Навчається'),
(1082, 23, 'Соболь Юлія', '', 'ж', 'Навчається'),
(1083, 23, 'Соколова Вікторія', '', 'ж', 'Навчається'),
(1084, 23, 'Тустанівський Дмитро', '', 'ч', 'Навчається'),
(1085, 23, 'Угрин Ольга', '', 'ж', 'Навчається'),
(1086, 23, 'Цап Софія', '', 'ж', 'Навчається'),
(1087, 24, 'Багрій Софія ', '', 'ж', 'Навчається'),
(1088, 24, 'Бортник Аліна ', '', 'ж', 'Навчається'),
(1089, 24, 'Гарун Северин ', '', 'ч', 'Навчається'),
(1090, 24, 'Гівчак Ірина ', '', 'ж', 'Навчається'),
(1091, 24, 'Голик Соломія ', '', 'ж', 'Навчається'),
(1092, 24, 'Зайковський Георгій ', '', 'ч', 'Навчається'),
(1093, 24, 'Зимянський Назар ', '', 'ч', 'Навчається'),
(1094, 24, 'Іваночко Софія ', '', 'ж', 'Навчається'),
(1095, 24, 'Іванцюра Ярина ', '', 'ж', 'Навчається'),
(1096, 24, 'Іванців Богдан ', '', 'ч', 'Навчається'),
(1097, 24, 'Іванців Марта ', '', 'ж', 'Навчається'),
(1098, 24, 'Іванішів Остап ', '', 'ч', 'Навчається'),
(1099, 24, 'Кандур Оксана ', '', 'ж', 'Навчається'),
(1100, 24, 'Кашаєва Вікторія ', '', 'ж', 'Навчається'),
(1101, 24, 'Кикта Анна-Марія', '', 'ж', 'Навчається'),
(1102, 24, 'Курдова Анастасія ', '', 'ж', 'Навчається'),
(1103, 24, 'Легедза Софія ', '', 'ж', 'Навчається'),
(1104, 24, 'Мацюрович Віталіна', '', 'ж', 'Навчається'),
(1105, 24, 'Мичуда Андріана', '', 'ж', 'Навчається'),
(1106, 24, 'Наливайко Софія-Марія ', '', 'ж', 'Навчається'),
(1107, 24, 'Ортинська Роксолана ', '', 'ж', 'Навчається'),
(1108, 24, 'Пурій Марта', '', 'ж', 'Навчається'),
(1109, 24, 'Саміло Павло ', '', 'ч', 'Навчається'),
(1110, 24, 'Торган Каріна', '', 'ж', 'Навчається'),
(1111, 24, 'Торський Максим ', '', 'ч', 'Навчається'),
(1112, 24, 'Чайківський Василь', '', 'ч', 'Навчається'),
(1113, 24, 'Яворська Марта ', '', 'ж', 'Навчається'),
(1114, 24, 'Якимів Максим ', '', 'ч', 'Навчається'),
(1115, 24, 'Шкірляк Христина ', '', 'ж', 'Навчається');

-- --------------------------------------------------------

--
-- Table structure for table `student`
--

CREATE TABLE `student` (
  `student_id` int(11) NOT NULL,
  `s_us_id` int(11) NOT NULL,
  `s_pib` varchar(100) NOT NULL,
  `s_c_id` int(11) NOT NULL
) ENGINE=InnoDB DEFAULT CHARSET=utf8mb4 COLLATE=utf8mb4_unicode_ci;

--
-- Dumping data for table `student`
--

INSERT INTO `student` (`student_id`, `s_us_id`, `s_pib`, `s_c_id`) VALUES
(2, 1234, 'test', 1234);

-- --------------------------------------------------------

--
-- Table structure for table `subjects`
--

CREATE TABLE `subjects` (
  `s_id` int(11) NOT NULL,
  `s_name` varchar(50) NOT NULL,
  `s_comment` varchar(150) NOT NULL
) ENGINE=InnoDB DEFAULT CHARSET=utf8mb4 COLLATE=utf8mb4_general_ci;

--
-- Dumping data for table `subjects`
--

INSERT INTO `subjects` (`s_id`, `s_name`, `s_comment`) VALUES
(4, 'Інформатика', ''),
(5, 'Алгебра', ''),
(6, 'Геометрія', ''),
(7, 'Основи здоров`я', ''),
(8, 'Зарубіжна література', ''),
(9, 'Фізкультура', ''),
(10, 'Англійська мова', ''),
(11, 'Українська мова', ''),
(12, 'Німецька або французька', ''),
(13, 'Польська', ''),
(14, 'Хімія', ''),
(15, 'Біологія', ''),
(16, 'Фізика', ''),
(17, 'Географія', ''),
(18, 'Історія України', ''),
(19, 'Всесвітня історія', ''),
(20, 'Українська література', ''),
(21, 'Мистецтво', ''),
(22, 'Трудове навчання', ''),
(23, 'Захист України', ''),
(24, 'Астрономія', ''),
(25, 'Біологія', ''),
(26, 'Громадянська освіта', '');

-- --------------------------------------------------------

--
-- Table structure for table `subjectsandclasses`
--

CREATE TABLE `subjectsandclasses` (
  `sc_id` int(11) NOT NULL,
  `c_id` int(11) NOT NULL,
  `s_id` int(11) NOT NULL,
  `sc_hours_count` int(11) NOT NULL
) ENGINE=InnoDB DEFAULT CHARSET=utf8mb4 COLLATE=utf8mb4_general_ci;

--
-- Dumping data for table `subjectsandclasses`
--

INSERT INTO `subjectsandclasses` (`sc_id`, `c_id`, `s_id`, `sc_hours_count`) VALUES
(53, 1, 4, 2),
(54, 1, 20, 3),
(55, 1, 11, 5),
(69, 2, 4, 2),
(70, 2, 17, 1),
(71, 2, 12, 2),
(100, 5, 4, 2),
(101, 5, 5, 3),
(102, 5, 21, 5),
(119, 19, 4, 4),
(120, 19, 18, 2),
(121, 19, 5, 4),
(122, 19, 10, 5),
(123, 19, 15, 3),
(124, 19, 19, 1),
(125, 19, 17, 2),
(126, 19, 6, 3),
(127, 19, 26, 1),
(128, 19, 8, 1),
(129, 19, 23, 2),
(130, 19, 21, 1),
(131, 19, 20, 4),
(132, 19, 11, 5),
(133, 19, 16, 3),
(134, 19, 9, 3),
(135, 19, 14, 2);

-- --------------------------------------------------------

--
-- Table structure for table `teachers`
--

CREATE TABLE `teachers` (
  `t_id` int(11) NOT NULL,
  `t_fullname` varchar(50) NOT NULL,
  `t_email` varchar(50) NOT NULL,
  `work_hours` int(11) NOT NULL
) ENGINE=InnoDB DEFAULT CHARSET=utf8mb4 COLLATE=utf8mb4_general_ci;

--
-- Dumping data for table `teachers`
--

INSERT INTO `teachers` (`t_id`, `t_fullname`, `t_email`, `work_hours`) VALUES
(11, 'Ірина Монастирська', '', 4),
(12, 'Світлана Блищак', '', 8),
(13, 'Світлана Павлікович', '', 0),
(14, 'Назар Івахів', '', 0),
(15, 'Галина Швед', '', 4),
(16, 'Любов Підлиська', '', 10),
(17, 'Юрій Генсьор', '', 7),
(18, 'Роман Кінаш', '', 6),
(19, 'Андрій Юрків', '', 7),
(20, 'Олена Ващенко', '', 2),
(21, 'Анна Розлуцька', '', 6),
(22, 'Володимир Бурий', '', 6),
(23, 'Оксана Зварич', '', 6),
(24, 'Ірина Харкавців', '0676011638', 7),
(25, 'Леся Оробей', '', 7),
(26, 'Світлана Романюк', '', 7),
(27, 'Дарія Фарбітник', '', 3),
(28, 'Галина Марчук', '', 6),
(29, 'Юрій Лучшев', '', 5),
(30, 'Анатолій Сокольник', '', 5),
(31, 'Тетяна Легедза', '', 2),
(32, 'Денис Уваров', '', 6);

-- --------------------------------------------------------

--
-- Table structure for table `teachersandsubjects`
--

CREATE TABLE `teachersandsubjects` (
  `ts_id` int(11) NOT NULL,
  `t_id` int(11) NOT NULL,
  `s_id` int(11) NOT NULL,
  `c_id` int(11) NOT NULL
) ENGINE=InnoDB DEFAULT CHARSET=utf8mb4 COLLATE=utf8mb4_general_ci;

--
-- Dumping data for table `teachersandsubjects`
--

INSERT INTO `teachersandsubjects` (`ts_id`, `t_id`, `s_id`, `c_id`) VALUES
(50, 13, 4, 1),
(51, 15, 20, 1),
(52, 15, 11, 1),
(54, 13, 4, 2),
(55, 17, 17, 2),
(169, 11, 4, 5),
(170, 16, 5, 5),
(171, 31, 21, 5),
(188, 11, 4, 19),
(189, 18, 18, 19),
(190, 16, 5, 19),
(191, 26, 10, 19),
(192, 27, 15, 19),
(193, 18, 19, 19),
(194, 17, 17, 19),
(195, 16, 6, 19),
(196, 18, 26, 19),
(197, 20, 8, 19),
(198, 30, 23, 19),
(199, 31, 21, 19),
(200, 15, 20, 19),
(201, 15, 11, 19),
(202, 19, 16, 19),
(203, 22, 9, 19),
(204, 28, 14, 19);

-- --------------------------------------------------------

--
-- Table structure for table `teachersprofession`
--

CREATE TABLE `teachersprofession` (
  `tp_id` int(11) NOT NULL,
  `tp_id_teach` int(11) NOT NULL,
  `tp_id_subject` int(11) NOT NULL
) ENGINE=InnoDB DEFAULT CHARSET=utf8mb4 COLLATE=utf8mb4_general_ci;

--
-- Dumping data for table `teachersprofession`
--

INSERT INTO `teachersprofession` (`tp_id`, `tp_id_teach`, `tp_id_subject`) VALUES
(17, 13, 4),
(18, 14, 4),
(19, 15, 20),
(20, 15, 11),
(25, 16, 5),
(26, 16, 6),
(27, 11, 4),
(28, 12, 4),
(29, 17, 17),
(31, 19, 16),
(32, 20, 8),
(33, 21, 20),
(34, 22, 9),
(35, 23, 9),
(37, 24, 10),
(38, 25, 10),
(39, 26, 10),
(40, 27, 15),
(41, 28, 14),
(43, 29, 14),
(44, 30, 23),
(47, 31, 21),
(51, 18, 18),
(52, 18, 19),
(53, 18, 26);

-- --------------------------------------------------------

--
-- Table structure for table `timetable`
--

CREATE TABLE `timetable` (
  `tt_id` int(11) NOT NULL,
  `tt_day_id` int(11) NOT NULL,
  `tt_num_lesson` int(11) NOT NULL,
  `tt_chys_znam` int(11) NOT NULL,
  `tt_permanent` int(11) NOT NULL,
  `tt_subject_id` int(11) NOT NULL,
  `tt_class_id` int(11) NOT NULL,
  `tt_id_teach` int(11) NOT NULL,
  `tt_cabinet_id` int(11) NOT NULL,
  `group_id` int(11) NOT NULL,
  `group_number` int(11) NOT NULL,
  `group_hour` int(11) NOT NULL
) ENGINE=InnoDB DEFAULT CHARSET=utf8mb4 COLLATE=utf8mb4_general_ci;

--
-- Dumping data for table `timetable`
--

INSERT INTO `timetable` (`tt_id`, `tt_day_id`, `tt_num_lesson`, `tt_chys_znam`, `tt_permanent`, `tt_subject_id`, `tt_class_id`, `tt_id_teach`, `tt_cabinet_id`, `group_id`, `group_number`, `group_hour`) VALUES
(2545, 1, 1, 0, 1, 6, 19, 16, 23, 0, 0, 0),
(2546, 1, 2, 0, 1, 16, 19, 19, 25, 0, 0, 0),
(2547, 1, 4, 0, 1, 9, 19, 22, 28, 0, 0, 0),
(2548, 1, 7, 0, 1, 8, 19, 20, 18, 0, 0, 0),
(2549, 1, 8, 0, 1, 6, 19, 16, 23, 0, 0, 0),
(2718, 1, 3, 0, 1, 10, 19, 24, 14, 3, 1, 0),
(2719, 1, 3, 0, 1, 10, 19, 26, 17, 3, 2, 0),
(2720, 1, 3, 0, 1, 10, 19, 25, 15, 3, 3, 0),
(2722, 1, 1, 0, 1, 21, 5, 31, 11, 0, 0, 0),
(2727, 1, 6, 0, 1, 4, 19, 11, 20, 6, 1, 0),
(2728, 1, 6, 0, 1, 4, 19, 32, 3, 6, 2, 0),
(2729, 1, 5, 0, 1, 4, 19, 11, 20, 5, 1, 0),
(2730, 1, 5, 0, 1, 4, 19, 32, 3, 5, 2, 0),
(2737, 2, 2, 0, 1, 10, 19, 24, 14, 2, 1, 0),
(2738, 2, 2, 0, 1, 10, 19, 26, 15, 2, 2, 0),
(2739, 2, 2, 0, 1, 10, 19, 25, 24, 2, 3, 0),
(2743, 2, 5, 0, 1, 11, 19, 21, 28, 5, 1, 0),
(2744, 2, 5, 0, 1, 11, 19, 15, 18, 5, 2, 0),
(2745, 2, 1, 0, 1, 5, 19, 16, 23, 0, 0, 0),
(2746, 2, 3, 0, 1, 18, 19, 18, 27, 0, 0, 0),
(2747, 2, 4, 0, 1, 17, 19, 17, 27, 0, 0, 0),
(2748, 2, 6, 0, 1, 15, 19, 27, 29, 0, 0, 0),
(2749, 2, 7, 0, 1, 16, 19, 19, 25, 0, 0, 0),
(2750, 3, 1, 0, 1, 10, 19, 24, 14, 1, 1, 0),
(2751, 3, 1, 0, 1, 10, 19, 25, 30, 1, 2, 0),
(2752, 3, 1, 0, 1, 10, 19, 26, 15, 1, 3, 0),
(2759, 3, 4, 0, 1, 11, 19, 21, 28, 4, 1, 0),
(2760, 3, 4, 0, 1, 4, 19, 11, 20, 4, 2, 0),
(2761, 3, 5, 0, 1, 11, 19, 21, 28, 5, 1, 0),
(2762, 3, 5, 0, 1, 4, 19, 11, 20, 5, 2, 0),
(2777, 4, 1, 0, 1, 10, 19, 24, 14, 1, 1, 0),
(2778, 4, 1, 0, 1, 10, 19, 25, 33, 1, 2, 0),
(2779, 4, 1, 0, 1, 10, 19, 26, 15, 1, 3, 0),
(2786, 4, 2, 0, 1, 9, 19, 22, 26, 0, 0, 0),
(2787, 4, 3, 0, 1, 19, 19, 18, 27, 0, 0, 0),
(2788, 4, 4, 0, 1, 15, 19, 27, 34, 0, 0, 0),
(2789, 4, 5, 0, 1, 5, 19, 16, 23, 0, 0, 0),
(2790, 4, 6, 0, 1, 5, 19, 16, 23, 0, 0, 0),
(2791, 4, 7, 0, 1, 20, 19, 15, 32, 0, 0, 0),
(2792, 4, 8, 0, 1, 20, 19, 15, 32, 0, 0, 0),
(2799, 3, 2, 0, 1, 5, 19, 16, 23, 0, 0, 0),
(2800, 3, 3, 0, 1, 14, 19, 28, 29, 0, 0, 0),
(2801, 3, 6, 0, 1, 16, 19, 19, 25, 0, 0, 0),
(2802, 3, 7, 0, 1, 23, 19, 30, 13, 0, 0, 0),
(2803, 3, 8, 1, 0, 23, 19, 30, 13, 0, 0, 0),
(2804, 3, 8, 2, 0, 17, 19, 17, 31, 0, 0, 0),
(2807, 5, 2, 0, 1, 10, 19, 25, 36, 2, 1, 0),
(2808, 5, 2, 0, 1, 10, 19, 24, 14, 2, 2, 0),
(2809, 5, 2, 0, 1, 10, 19, 26, 15, 2, 3, 0),
(2813, 5, 4, 0, 1, 11, 19, 15, 18, 4, 1, 0),
(2814, 5, 4, 0, 1, 4, 19, 32, 20, 4, 2, 0),
(2826, 5, 1, 1, 0, 14, 19, 28, 29, 0, 0, 0),
(2827, 5, 1, 2, 0, 21, 19, 31, 29, 0, 0, 0),
(2828, 5, 3, 0, 1, 18, 19, 18, 27, 0, 0, 0),
(2829, 5, 6, 0, 1, 9, 19, 22, 26, 0, 0, 0),
(2830, 5, 7, 0, 1, 26, 19, 18, 27, 0, 0, 0),
(2831, 5, 5, 0, 1, 20, 19, 15, 18, 5, 1, 0),
(2832, 5, 5, 0, 1, 4, 19, 32, 20, 5, 2, 0);

-- --------------------------------------------------------

--
-- Table structure for table `users`
--

CREATE TABLE `users` (
  `user_id` int(11) NOT NULL,
  `us_email` int(11) NOT NULL,
  `us_password` varchar(500) NOT NULL,
  `us_user_type` int(4) NOT NULL,
  `verification_code` varchar(200) NOT NULL
) ENGINE=InnoDB DEFAULT CHARSET=utf8mb4 COLLATE=utf8mb4_unicode_ci;

--
-- Dumping data for table `users`
--

INSERT INTO `users` (`user_id`, `us_email`, `us_password`, `us_user_type`, `verification_code`) VALUES
(1, 1234, '81dc9bdb52d04dc20036dbd8313ed055', 1, '81dc9bdb52d04dc20036dbd8313ed055\r\n'),
(774, 371, '41f1f19176d383480afa65d325c06ed0', 3, '41f1f19176d383480afa65d325c06ed0'),
(775, 372, '24b16fede9a67c9251d3e7c7161c83ac', 3, '24b16fede9a67c9251d3e7c7161c83ac'),
(776, 373, 'ffd52f3c7e12435a724a8f30fddadd9c', 3, 'ffd52f3c7e12435a724a8f30fddadd9c'),
(777, 374, 'ad972f10e0800b49d76fed33a21f6698', 3, 'ad972f10e0800b49d76fed33a21f6698'),
(778, 375, 'f61d6947467ccd3aa5af24db320235dd', 3, 'f61d6947467ccd3aa5af24db320235dd'),
(779, 376, '142949df56ea8ae0be8b5306971900a4', 3, '142949df56ea8ae0be8b5306971900a4'),
(780, 377, 'd34ab169b70c9dcd35e62896010cd9ff', 3, 'd34ab169b70c9dcd35e62896010cd9ff'),
(781, 378, '8bf1211fd4b7b94528899de0a43b9fb3', 3, '8bf1211fd4b7b94528899de0a43b9fb3'),
(782, 379, 'a02ffd91ece5e7efeb46db8f10a74059', 3, 'a02ffd91ece5e7efeb46db8f10a74059'),
(783, 380, 'bca82e41ee7b0833588399b1fcd177c7', 3, 'bca82e41ee7b0833588399b1fcd177c7'),
(784, 381, '00ec53c4682d36f5c4359f4ae7bd7ba1', 3, '00ec53c4682d36f5c4359f4ae7bd7ba1'),
(785, 382, '4f6ffe13a5d75b2d6a3923922b3922e5', 3, '4f6ffe13a5d75b2d6a3923922b3922e5'),
(786, 383, 'beed13602b9b0e6ecb5b568ff5058f07', 3, 'beed13602b9b0e6ecb5b568ff5058f07'),
(787, 384, '0584ce565c824b7b7f50282d9a19945b', 3, '0584ce565c824b7b7f50282d9a19945b'),
(788, 385, 'dc912a253d1e9ba40e2c597ed2376640', 3, 'dc912a253d1e9ba40e2c597ed2376640'),
(789, 386, '39461a19e9eddfb385ea76b26521ea48', 3, '39461a19e9eddfb385ea76b26521ea48'),
(790, 387, '8efb100a295c0c690931222ff4467bb8', 3, '8efb100a295c0c690931222ff4467bb8'),
(791, 388, 'd9fc5b73a8d78fad3d6dffe419384e70', 3, 'd9fc5b73a8d78fad3d6dffe419384e70'),
(792, 389, 'c86a7ee3d8ef0b551ed58e354a836f2b', 3, 'c86a7ee3d8ef0b551ed58e354a836f2b'),
(793, 390, 'a01a0380ca3c61428c26a231f0e49a09', 3, 'a01a0380ca3c61428c26a231f0e49a09'),
(794, 391, '5a4b25aaed25c2ee1b74de72dc03c14e', 3, '5a4b25aaed25c2ee1b74de72dc03c14e'),
(795, 392, 'f73b76ce8949fe29bf2a537cfa420e8f', 3, 'f73b76ce8949fe29bf2a537cfa420e8f'),
(796, 393, '70c639df5e30bdee440e4cdf599fec2b', 3, '70c639df5e30bdee440e4cdf599fec2b'),
(797, 394, '28f0b864598a1291557bed248a998d4e', 3, '28f0b864598a1291557bed248a998d4e'),
(798, 395, '1543843a4723ed2ab08e18053ae6dc5b', 3, '1543843a4723ed2ab08e18053ae6dc5b'),
(799, 396, 'f8c1f23d6a8d8d7904fc0ea8e066b3bb', 3, 'f8c1f23d6a8d8d7904fc0ea8e066b3bb'),
(800, 397, 'e46de7e1bcaaced9a54f1e9d0d2f800d', 3, 'e46de7e1bcaaced9a54f1e9d0d2f800d'),
(801, 398, 'b7b16ecf8ca53723593894116071700c', 3, 'b7b16ecf8ca53723593894116071700c'),
(802, 399, '352fe25daf686bdb4edca223c921acea', 3, '352fe25daf686bdb4edca223c921acea'),
(803, 400, '18d8042386b79e2c279fd162df0205c8', 3, '18d8042386b79e2c279fd162df0205c8'),
(804, 401, '816b112c6105b3ebd537828a39af4818', 3, '816b112c6105b3ebd537828a39af4818'),
(805, 402, '69cb3ea317a32c4e6143e665fdb20b14', 3, '69cb3ea317a32c4e6143e665fdb20b14'),
(806, 403, 'bbf94b34eb32268ada57a3be5062fe7d', 3, 'bbf94b34eb32268ada57a3be5062fe7d'),
(807, 404, '4f4adcbf8c6f66dcfc8a3282ac2bf10a', 3, '4f4adcbf8c6f66dcfc8a3282ac2bf10a'),
(808, 405, 'bbcbff5c1f1ded46c25d28119a85c6c2', 3, 'bbcbff5c1f1ded46c25d28119a85c6c2'),
(809, 406, '8cb22bdd0b7ba1ab13d742e22eed8da2', 3, '8cb22bdd0b7ba1ab13d742e22eed8da2'),
(810, 407, 'f4f6dce2f3a0f9dada0c2b5b66452017', 3, 'f4f6dce2f3a0f9dada0c2b5b66452017'),
(811, 408, '0d0fd7c6e093f7b804fa0150b875b868', 3, '0d0fd7c6e093f7b804fa0150b875b868'),
(812, 409, 'a96b65a721e561e1e3de768ac819ffbb', 3, 'a96b65a721e561e1e3de768ac819ffbb'),
(813, 410, '1068c6e4c8051cfd4e9ea8072e3189e2', 3, '1068c6e4c8051cfd4e9ea8072e3189e2'),
(814, 411, '17d63b1625c816c22647a73e1482372b', 3, '17d63b1625c816c22647a73e1482372b'),
(815, 412, 'b9228e0962a78b84f3d5d92f4faa000b', 3, 'b9228e0962a78b84f3d5d92f4faa000b'),
(816, 413, '0deb1c54814305ca9ad266f53bc82511', 3, '0deb1c54814305ca9ad266f53bc82511'),
(817, 414, '66808e327dc79d135ba18e051673d906', 3, '66808e327dc79d135ba18e051673d906'),
(818, 415, '42e7aaa88b48137a16a1acd04ed91125', 3, '42e7aaa88b48137a16a1acd04ed91125'),
(819, 416, '8fe0093bb30d6f8c31474bd0764e6ac0', 3, '8fe0093bb30d6f8c31474bd0764e6ac0'),
(820, 417, '41ae36ecb9b3eee609d05b90c14222fb', 3, '41ae36ecb9b3eee609d05b90c14222fb'),
(821, 418, 'd1f255a373a3cef72e03aa9d980c7eca', 3, 'd1f255a373a3cef72e03aa9d980c7eca'),
(822, 419, '7eacb532570ff6858afd2723755ff790', 3, '7eacb532570ff6858afd2723755ff790'),
(823, 420, 'b6f0479ae87d244975439c6124592772', 3, 'b6f0479ae87d244975439c6124592772'),
(824, 421, 'e0c641195b27425bb056ac56f8953d24', 3, 'e0c641195b27425bb056ac56f8953d24'),
(825, 422, 'f85454e8279be180185cac7d243c5eb3', 3, 'f85454e8279be180185cac7d243c5eb3'),
(826, 423, 'faa9afea49ef2ff029a833cccc778fd0', 3, 'faa9afea49ef2ff029a833cccc778fd0'),
(827, 424, '3c7781a36bcd6cf08c11a970fbe0e2a6', 3, '3c7781a36bcd6cf08c11a970fbe0e2a6'),
(828, 425, '25b2822c2f5a3230abfadd476e8b04c9', 3, '25b2822c2f5a3230abfadd476e8b04c9'),
(829, 426, '6ecbdd6ec859d284dc13885a37ce8d81', 3, '6ecbdd6ec859d284dc13885a37ce8d81'),
(830, 427, '18997733ec258a9fcaf239cc55d53363', 3, '18997733ec258a9fcaf239cc55d53363'),
(831, 428, '8d7d8ee069cb0cbbf816bbb65d56947e', 3, '8d7d8ee069cb0cbbf816bbb65d56947e'),
(832, 429, '75fc093c0ee742f6dddaa13fff98f104', 3, '75fc093c0ee742f6dddaa13fff98f104'),
(833, 430, 'f74909ace68e51891440e4da0b65a70c', 3, 'f74909ace68e51891440e4da0b65a70c'),
(834, 431, '66368270ffd51418ec58bd793f2d9b1b', 3, '66368270ffd51418ec58bd793f2d9b1b'),
(835, 432, '248e844336797ec98478f85e7626de4a', 3, '248e844336797ec98478f85e7626de4a'),
(836, 433, '019d385eb67632a7e958e23f24bd07d7', 3, '019d385eb67632a7e958e23f24bd07d7'),
(837, 434, 'a49e9411d64ff53eccfdd09ad10a15b3', 3, 'a49e9411d64ff53eccfdd09ad10a15b3'),
(838, 435, 'ddb30680a691d157187ee1cf9e896d03', 3, 'ddb30680a691d157187ee1cf9e896d03'),
(839, 436, '2421fcb1263b9530df88f7f002e78ea5', 3, '2421fcb1263b9530df88f7f002e78ea5'),
(840, 437, 'fccb60fb512d13df5083790d64c4d5dd', 3, 'fccb60fb512d13df5083790d64c4d5dd'),
(841, 438, '1651cf0d2f737d7adeab84d339dbabd3', 3, '1651cf0d2f737d7adeab84d339dbabd3'),
(842, 439, 'eed5af6add95a9a6f1252739b1ad8c24', 3, 'eed5af6add95a9a6f1252739b1ad8c24'),
(843, 440, 'a8abb4bb284b5b27aa7cb790dc20f80b', 3, 'a8abb4bb284b5b27aa7cb790dc20f80b'),
(844, 441, '15d4e891d784977cacbfcbb00c48f133', 3, '15d4e891d784977cacbfcbb00c48f133'),
(845, 442, 'c203d8a151612acf12457e4d67635a95', 3, 'c203d8a151612acf12457e4d67635a95'),
(846, 443, '13f3cf8c531952d72e5847c4183e6910', 3, '13f3cf8c531952d72e5847c4183e6910'),
(847, 444, '550a141f12de6341fba65b0ad0433500', 3, '550a141f12de6341fba65b0ad0433500'),
(848, 445, '67f7fb873eaf29526a11a9b7ac33bfac', 3, '67f7fb873eaf29526a11a9b7ac33bfac'),
(849, 446, '1a5b1e4daae265b790965a275b53ae50', 3, '1a5b1e4daae265b790965a275b53ae50'),
(850, 447, '9a96876e2f8f3dc4f3cf45f02c61c0c1', 3, '9a96876e2f8f3dc4f3cf45f02c61c0c1'),
(851, 448, '9b70e8fe62e40c570a322f1b0b659098', 3, '9b70e8fe62e40c570a322f1b0b659098'),
(852, 449, 'd61e4bbd6393c9111e6526ea173a7c8b', 3, 'd61e4bbd6393c9111e6526ea173a7c8b'),
(853, 450, 'f5f8590cd58a54e94377e6ae2eded4d9', 3, 'f5f8590cd58a54e94377e6ae2eded4d9'),
(854, 451, '941e1aaaba585b952b62c14a3a175a61', 3, '941e1aaaba585b952b62c14a3a175a61'),
(855, 452, '9431c87f273e507e6040fcb07dcb4509', 3, '9431c87f273e507e6040fcb07dcb4509'),
(856, 453, '49ae49a23f67c759bf4fc791ba842aa2', 3, '49ae49a23f67c759bf4fc791ba842aa2'),
(857, 454, 'e44fea3bec53bcea3b7513ccef5857ac', 3, 'e44fea3bec53bcea3b7513ccef5857ac'),
(858, 455, '821fa74b50ba3f7cba1e6c53e8fa6845', 3, '821fa74b50ba3f7cba1e6c53e8fa6845'),
(859, 456, '250cf8b51c773f3f8dc8b4be867a9a02', 3, '250cf8b51c773f3f8dc8b4be867a9a02'),
(860, 457, '42998cf32d552343bc8e460416382dca', 3, '42998cf32d552343bc8e460416382dca'),
(861, 458, 'd07e70efcfab08731a97e7b91be644de', 3, 'd07e70efcfab08731a97e7b91be644de'),
(862, 459, '7fe1f8abaad094e0b5cb1b01d712f708', 3, '7fe1f8abaad094e0b5cb1b01d712f708'),
(863, 460, '98b297950041a42470269d56260243a1', 3, '98b297950041a42470269d56260243a1'),
(864, 461, '0353ab4cbed5beae847a7ff6e220b5cf', 3, '0353ab4cbed5beae847a7ff6e220b5cf'),
(865, 462, '51d92be1c60d1db1d2e5e7a07da55b26', 3, '51d92be1c60d1db1d2e5e7a07da55b26'),
(866, 463, '428fca9bc1921c25c5121f9da7815cde', 3, '428fca9bc1921c25c5121f9da7815cde'),
(867, 464, 'f1b6f2857fb6d44dd73c7041e0aa0f19', 3, 'f1b6f2857fb6d44dd73c7041e0aa0f19'),
(868, 465, '68ce199ec2c5517597ce0a4d89620f55', 3, '68ce199ec2c5517597ce0a4d89620f55'),
(869, 466, 'e836d813fd184325132fca8edcdfb40e', 3, 'e836d813fd184325132fca8edcdfb40e'),
(870, 467, 'ab817c9349cf9c4f6877e1894a1faa00', 3, 'ab817c9349cf9c4f6877e1894a1faa00'),
(871, 468, '877a9ba7a98f75b90a9d49f53f15a858', 3, '877a9ba7a98f75b90a9d49f53f15a858'),
(872, 469, 'dc6a6489640ca02b0d42dabeb8e46bb7', 3, 'dc6a6489640ca02b0d42dabeb8e46bb7'),
(873, 470, '26337353b7962f533d78c762373b3318', 3, '26337353b7962f533d78c762373b3318'),
(874, 471, '8e6b42f1644ecb1327dc03ab345e618b', 3, '8e6b42f1644ecb1327dc03ab345e618b'),
(875, 472, 'ef575e8837d065a1683c022d2077d342', 3, 'ef575e8837d065a1683c022d2077d342'),
(876, 473, '2050e03ca119580f74cca14cc6e97462', 3, '2050e03ca119580f74cca14cc6e97462'),
(877, 474, '25ddc0f8c9d3e22e03d3076f98d83cb2', 3, '25ddc0f8c9d3e22e03d3076f98d83cb2'),
(878, 475, '5ef0b4eba35ab2d6180b0bca7e46b6f9', 3, '5ef0b4eba35ab2d6180b0bca7e46b6f9'),
(879, 476, '598b3e71ec378bd83e0a727608b5db01', 3, '598b3e71ec378bd83e0a727608b5db01'),
(880, 477, '74071a673307ca7459bcf75fbd024e09', 3, '74071a673307ca7459bcf75fbd024e09'),
(881, 478, 'cfee398643cbc3dc5eefc89334cacdc1', 3, 'cfee398643cbc3dc5eefc89334cacdc1'),
(882, 479, 'd18f655c3fce66ca401d5f38b48c89af', 3, 'd18f655c3fce66ca401d5f38b48c89af'),
(883, 480, '6ea2ef7311b482724a9b7b0bc0dd85c6', 3, '6ea2ef7311b482724a9b7b0bc0dd85c6'),
(884, 481, '9461cce28ebe3e76fb4b931c35a169b0', 3, '9461cce28ebe3e76fb4b931c35a169b0'),
(885, 482, 'f770b62bc8f42a0b66751fe636fc6eb0', 3, 'f770b62bc8f42a0b66751fe636fc6eb0'),
(886, 483, 'e1e32e235eee1f970470a3a6658dfdd5', 3, 'e1e32e235eee1f970470a3a6658dfdd5'),
(887, 484, 'eba0dc302bcd9a273f8bbb72be3a687b', 3, 'eba0dc302bcd9a273f8bbb72be3a687b'),
(888, 485, '218a0aefd1d1a4be65601cc6ddc1520e', 3, '218a0aefd1d1a4be65601cc6ddc1520e'),
(889, 486, '7d04bbbe5494ae9d2f5a76aa1c00fa2f', 3, '7d04bbbe5494ae9d2f5a76aa1c00fa2f'),
(890, 487, 'a516a87cfcaef229b342c437fe2b95f7', 3, 'a516a87cfcaef229b342c437fe2b95f7'),
(891, 488, 'c3c59e5f8b3e9753913f4d435b53c308', 3, 'c3c59e5f8b3e9753913f4d435b53c308'),
(892, 489, '854d9fca60b4bd07f9bb215d59ef5561', 3, '854d9fca60b4bd07f9bb215d59ef5561'),
(893, 490, 'c410003ef13d451727aeff9082c29a5c', 3, 'c410003ef13d451727aeff9082c29a5c'),
(894, 491, '559cb990c9dffd8675f6bc2186971dc2', 3, '559cb990c9dffd8675f6bc2186971dc2'),
(895, 492, '55a7cf9c71f1c9c495413f934dd1a158', 3, '55a7cf9c71f1c9c495413f934dd1a158'),
(896, 493, '2f55707d4193dc27118a0f19a1985716', 3, '2f55707d4193dc27118a0f19a1985716'),
(897, 494, '1be3bc32e6564055d5ca3e5a354acbef', 3, '1be3bc32e6564055d5ca3e5a354acbef'),
(898, 495, '35051070e572e47d2c26c241ab88307f', 3, '35051070e572e47d2c26c241ab88307f'),
(899, 496, 'b534ba68236ba543ae44b22bd110a1d6', 3, 'b534ba68236ba543ae44b22bd110a1d6'),
(900, 497, '7380ad8a673226ae47fce7bff88e9c33', 3, '7380ad8a673226ae47fce7bff88e9c33'),
(901, 498, '05f971b5ec196b8c65b75d2ef8267331', 3, '05f971b5ec196b8c65b75d2ef8267331'),
(902, 499, '3cf166c6b73f030b4f67eeaeba301103', 3, '3cf166c6b73f030b4f67eeaeba301103'),
(903, 500, 'cee631121c2ec9232f3a2f028ad5c89b', 3, 'cee631121c2ec9232f3a2f028ad5c89b'),
(904, 501, '5b69b9cb83065d403869739ae7f0995e', 3, '5b69b9cb83065d403869739ae7f0995e'),
(905, 502, 'b5b41fac0361d157d9673ecb926af5ae', 3, 'b5b41fac0361d157d9673ecb926af5ae'),
(906, 503, '285e19f20beded7d215102b49d5c09a0', 3, '285e19f20beded7d215102b49d5c09a0'),
(907, 504, 'b337e84de8752b27eda3a12363109e80', 3, 'b337e84de8752b27eda3a12363109e80'),
(908, 505, 'e8c0653fea13f91bf3c48159f7c24f78', 3, 'e8c0653fea13f91bf3c48159f7c24f78'),
(909, 506, 'ff4d5fbbafdf976cfdc032e3bde78de5', 3, 'ff4d5fbbafdf976cfdc032e3bde78de5'),
(910, 507, '2d6cc4b2d139a53512fb8cbb3086ae2e', 3, '2d6cc4b2d139a53512fb8cbb3086ae2e'),
(911, 508, '389bc7bb1e1c2a5e7e147703232a88f6', 3, '389bc7bb1e1c2a5e7e147703232a88f6'),
(912, 509, 'e2230b853516e7b05d79744fbd4c9c13', 3, 'e2230b853516e7b05d79744fbd4c9c13'),
(913, 510, '087408522c31eeb1f982bc0eaf81d35f', 3, '087408522c31eeb1f982bc0eaf81d35f'),
(914, 511, 'a760880003e7ddedfef56acb3b09697f', 3, 'a760880003e7ddedfef56acb3b09697f'),
(915, 512, '10a7cdd970fe135cf4f7bb55c0e3b59f', 3, '10a7cdd970fe135cf4f7bb55c0e3b59f'),
(916, 513, '3dc4876f3f08201c7c76cb71fa1da439', 3, '3dc4876f3f08201c7c76cb71fa1da439'),
(917, 514, '59b90e1005a220e2ebc542eb9d950b1e', 3, '59b90e1005a220e2ebc542eb9d950b1e'),
(918, 515, '2b8a61594b1f4c4db0902a8a395ced93', 3, '2b8a61594b1f4c4db0902a8a395ced93'),
(919, 516, 'f3f27a324736617f20abbf2ffd806f6d', 3, 'f3f27a324736617f20abbf2ffd806f6d'),
(920, 517, '38913e1d6a7b94cb0f55994f679f5956', 3, '38913e1d6a7b94cb0f55994f679f5956'),
(921, 518, 'ebd9629fc3ae5e9f6611e2ee05a31cef', 3, 'ebd9629fc3ae5e9f6611e2ee05a31cef'),
(922, 519, '63538fe6ef330c13a05a3ed7e599d5f7', 3, '63538fe6ef330c13a05a3ed7e599d5f7'),
(923, 520, 'cf67355a3333e6e143439161adc2d82e', 3, 'cf67355a3333e6e143439161adc2d82e'),
(924, 521, '07563a3fe3bbe7e3ba84431ad9d055af', 3, '07563a3fe3bbe7e3ba84431ad9d055af'),
(925, 522, '53fde96fcc4b4ce72d7739202324cd49', 3, '53fde96fcc4b4ce72d7739202324cd49'),
(926, 523, '2bb232c0b13c774965ef8558f0fbd615', 3, '2bb232c0b13c774965ef8558f0fbd615'),
(927, 524, 'ba2fd310dcaa8781a9a652a31baf3c68', 3, 'ba2fd310dcaa8781a9a652a31baf3c68'),
(928, 525, '69421f032498c97020180038fddb8e24', 3, '69421f032498c97020180038fddb8e24'),
(929, 526, '85422afb467e9456013a2a51d4dff702', 3, '85422afb467e9456013a2a51d4dff702'),
(930, 527, '13f320e7b5ead1024ac95c3b208610db', 3, '13f320e7b5ead1024ac95c3b208610db'),
(931, 528, 'f4be00279ee2e0a53eafdaa94a151e2c', 3, 'f4be00279ee2e0a53eafdaa94a151e2c'),
(932, 529, '37f0e884fbad9667e38940169d0a3c95', 3, '37f0e884fbad9667e38940169d0a3c95'),
(933, 530, 'd64a340bcb633f536d56e51874281454', 3, 'd64a340bcb633f536d56e51874281454'),
(934, 531, '0fcbc61acd0479dc77e3cccc0f5ffca7', 3, '0fcbc61acd0479dc77e3cccc0f5ffca7'),
(935, 532, '298f95e1bf9136124592c8d4825a06fc', 3, '298f95e1bf9136124592c8d4825a06fc'),
(936, 533, 'df877f3865752637daa540ea9cbc474f', 3, 'df877f3865752637daa540ea9cbc474f'),
(937, 534, 'c399862d3b9d6b76c8436e924a68c45b', 3, 'c399862d3b9d6b76c8436e924a68c45b'),
(938, 535, '33e8075e9970de0cfea955afd4644bb2', 3, '33e8075e9970de0cfea955afd4644bb2'),
(939, 536, '65658fde58ab3c2b6e5132a39fae7cb9', 3, '65658fde58ab3c2b6e5132a39fae7cb9'),
(940, 537, '5ea1649a31336092c05438df996a3e59', 3, '5ea1649a31336092c05438df996a3e59'),
(941, 538, '7bcdf75ad237b8e02e301f4091fb6bc8', 3, '7bcdf75ad237b8e02e301f4091fb6bc8'),
(942, 539, '5737034557ef5b8c02c0e46513b98f90', 3, '5737034557ef5b8c02c0e46513b98f90'),
(943, 540, '9b72e31dac81715466cd580a448cf823', 3, '9b72e31dac81715466cd580a448cf823'),
(944, 541, '16c222aa19898e5058938167c8ab6c57', 3, '16c222aa19898e5058938167c8ab6c57'),
(945, 542, '7dcd340d84f762eba80aa538b0c527f7', 3, '7dcd340d84f762eba80aa538b0c527f7'),
(946, 543, '81448138f5f163ccdba4acc69819f280', 3, '81448138f5f163ccdba4acc69819f280'),
(947, 544, '97e8527feaf77a97fc38f34216141515', 3, '97e8527feaf77a97fc38f34216141515'),
(948, 545, '647bba344396e7c8170902bcf2e15551', 3, '647bba344396e7c8170902bcf2e15551'),
(949, 546, 'ed265bc903a5a097f61d3ec064d96d2e', 3, 'ed265bc903a5a097f61d3ec064d96d2e'),
(950, 547, 'c75b6f114c23a4d7ea11331e7c00e73c', 3, 'c75b6f114c23a4d7ea11331e7c00e73c'),
(951, 548, '8d34201a5b85900908db6cae92723617', 3, '8d34201a5b85900908db6cae92723617'),
(952, 549, 'ccb1d45fb76f7c5a0bf619f979c6cf36', 3, 'ccb1d45fb76f7c5a0bf619f979c6cf36'),
(953, 550, '01f78be6f7cad02658508fe4616098a9', 3, '01f78be6f7cad02658508fe4616098a9'),
(954, 551, '7f24d240521d99071c93af3917215ef7', 3, '7f24d240521d99071c93af3917215ef7'),
(955, 552, '94c7bb58efc3b337800875b5d382a072', 3, '94c7bb58efc3b337800875b5d382a072'),
(956, 553, 'f387624df552cea2f369918c5e1e12bc', 3, 'f387624df552cea2f369918c5e1e12bc'),
(957, 554, '5e388103a391daabe3de1d76a6739ccd', 3, '5e388103a391daabe3de1d76a6739ccd'),
(958, 555, '15de21c670ae7c3f6f3f1f37029303c9', 3, '15de21c670ae7c3f6f3f1f37029303c9'),
(959, 556, '11b921ef080f7736089c757404650e40', 3, '11b921ef080f7736089c757404650e40'),
(960, 557, '6e2713a6efee97bacb63e52c54f0ada0', 3, '6e2713a6efee97bacb63e52c54f0ada0'),
(961, 558, '1bb91f73e9d31ea2830a5e73ce3ed328', 3, '1bb91f73e9d31ea2830a5e73ce3ed328'),
(962, 559, '3a0772443a0739141292a5429b952fe6', 3, '3a0772443a0739141292a5429b952fe6'),
(963, 560, 'a9a6653e48976138166de32772b1bf40', 3, 'a9a6653e48976138166de32772b1bf40'),
(964, 561, '58ae749f25eded36f486bc85feb3f0ab', 3, '58ae749f25eded36f486bc85feb3f0ab'),
(965, 562, '4e4b5fbbbb602b6d35bea8460aa8f8e5', 3, '4e4b5fbbbb602b6d35bea8460aa8f8e5'),
(966, 563, '8eefcfdf5990e441f0fb6f3fad709e21', 3, '8eefcfdf5990e441f0fb6f3fad709e21'),
(967, 564, '1728efbda81692282ba642aafd57be3a', 3, '1728efbda81692282ba642aafd57be3a'),
(968, 565, 'cbcb58ac2e496207586df2854b17995f', 3, 'cbcb58ac2e496207586df2854b17995f'),
(969, 566, 'db85e2590b6109813dafa101ceb2faeb', 3, 'db85e2590b6109813dafa101ceb2faeb'),
(970, 567, '99c5e07b4d5de9d18c350cdf64c5aa3d', 3, '99c5e07b4d5de9d18c350cdf64c5aa3d'),
(971, 568, 'dd458505749b2941217ddd59394240e8', 3, 'dd458505749b2941217ddd59394240e8'),
(972, 569, '8b16ebc056e613024c057be590b542eb', 3, '8b16ebc056e613024c057be590b542eb'),
(973, 570, 'a86c450b76fb8c371afead6410d55534', 3, 'a86c450b76fb8c371afead6410d55534'),
(974, 571, 'c9892a989183de32e976c6f04e700201', 3, 'c9892a989183de32e976c6f04e700201'),
(975, 572, 'e6b4b2a746ed40e1af829d1fa82daa10', 3, 'e6b4b2a746ed40e1af829d1fa82daa10'),
(976, 573, 'e5f6ad6ce374177eef023bf5d0c018b6', 3, 'e5f6ad6ce374177eef023bf5d0c018b6'),
(977, 574, 'f0e52b27a7a5d6a1a87373dffa53dbe5', 3, 'f0e52b27a7a5d6a1a87373dffa53dbe5'),
(978, 575, 'ffeabd223de0d4eacb9a3e6e53e5448d', 3, 'ffeabd223de0d4eacb9a3e6e53e5448d'),
(979, 576, 'a7aeed74714116f3b292a982238f83d2', 3, 'a7aeed74714116f3b292a982238f83d2'),
(980, 577, 'fde9264cf376fffe2ee4ddf4a988880d', 3, 'fde9264cf376fffe2ee4ddf4a988880d'),
(981, 578, 'a8849b052492b5106526b2331e526138', 3, 'a8849b052492b5106526b2331e526138'),
(982, 579, '258be18e31c8188555c2ff05b4d542c3', 3, '258be18e31c8188555c2ff05b4d542c3'),
(983, 580, '069d3bb002acd8d7dd095917f9efe4cb', 3, '069d3bb002acd8d7dd095917f9efe4cb'),
(984, 581, 'c6e19e830859f2cb9f7c8f8cacb8d2a6', 3, 'c6e19e830859f2cb9f7c8f8cacb8d2a6'),
(985, 582, '46922a0880a8f11f8f69cbb52b1396be', 3, '46922a0880a8f11f8f69cbb52b1396be'),
(986, 583, '9ad6aaed513b73148b7d49f70afcfb32', 3, '9ad6aaed513b73148b7d49f70afcfb32'),
(987, 584, 'f5deaeeae1538fb6c45901d524ee2f98', 3, 'f5deaeeae1538fb6c45901d524ee2f98'),
(988, 585, 'a9a1d5317a33ae8cef33961c34144f84', 3, 'a9a1d5317a33ae8cef33961c34144f84'),
(989, 586, '605ff764c617d3cd28dbbdd72be8f9a2', 3, '605ff764c617d3cd28dbbdd72be8f9a2'),
(990, 587, '766ebcd59621e305170616ba3d3dac32', 3, '766ebcd59621e305170616ba3d3dac32'),
(991, 588, 'daca41214b39c5dc66674d09081940f0', 3, 'daca41214b39c5dc66674d09081940f0'),
(992, 589, '30bb3825e8f631cc6075c0f87bb4978c', 3, '30bb3825e8f631cc6075c0f87bb4978c'),
(993, 590, '08b255a5d42b89b0585260b6f2360bdd', 3, '08b255a5d42b89b0585260b6f2360bdd'),
(994, 591, '3493894fa4ea036cfc6433c3e2ee63b0', 3, '3493894fa4ea036cfc6433c3e2ee63b0'),
(995, 592, 'dbe272bab69f8e13f14b405e038deb64', 3, 'dbe272bab69f8e13f14b405e038deb64'),
(996, 593, 'acc3e0404646c57502b480dc052c4fe1', 3, 'acc3e0404646c57502b480dc052c4fe1'),
(997, 594, '076a0c97d09cf1a0ec3e19c7f2529f2b', 3, '076a0c97d09cf1a0ec3e19c7f2529f2b'),
(998, 595, '04ecb1fa28506ccb6f72b12c0245ddbc', 3, '04ecb1fa28506ccb6f72b12c0245ddbc'),
(999, 596, 'b2eeb7362ef83deff5c7813a67e14f0a', 3, 'b2eeb7362ef83deff5c7813a67e14f0a'),
(1000, 597, '08c5433a60135c32e34f46a71175850c', 3, '08c5433a60135c32e34f46a71175850c'),
(1001, 598, '6aca97005c68f1206823815f66102863', 3, '6aca97005c68f1206823815f66102863'),
(1002, 599, '3435c378bb76d4357324dd7e69f3cd18', 3, '3435c378bb76d4357324dd7e69f3cd18'),
(1003, 600, 'd490d7b4576290fa60eb31b5fc917ad1', 3, 'd490d7b4576290fa60eb31b5fc917ad1'),
(1004, 601, 'b2f627fff19fda463cb386442eac2b3d', 3, 'b2f627fff19fda463cb386442eac2b3d'),
(1005, 602, 'c3992e9a68c5ae12bd18488bc579b30d', 3, 'c3992e9a68c5ae12bd18488bc579b30d'),
(1006, 603, 'd86ea612dec96096c5e0fcc8dd42ab6d', 3, 'd86ea612dec96096c5e0fcc8dd42ab6d'),
(1007, 604, '9cf81d8026a9018052c429cc4e56739b', 3, '9cf81d8026a9018052c429cc4e56739b'),
(1008, 605, 'c361bc7b2c033a83d663b8d9fb4be56e', 3, 'c361bc7b2c033a83d663b8d9fb4be56e'),
(1009, 606, '44c4c17332cace2124a1a836d9fc4b6f', 3, '44c4c17332cace2124a1a836d9fc4b6f'),
(1010, 607, 'dc82d632c9fcecb0778afbc7924494a6', 3, 'dc82d632c9fcecb0778afbc7924494a6'),
(1011, 608, '996a7fa078cc36c46d02f9af3bef918b', 3, '996a7fa078cc36c46d02f9af3bef918b'),
(1012, 609, 'd7a728a67d909e714c0774e22cb806f2', 3, 'd7a728a67d909e714c0774e22cb806f2'),
(1013, 610, '00ac8ed3b4327bdd4ebbebcb2ba10a00', 3, '00ac8ed3b4327bdd4ebbebcb2ba10a00'),
(1014, 611, '8ebda540cbcc4d7336496819a46a1b68', 3, '8ebda540cbcc4d7336496819a46a1b68'),
(1015, 612, 'f76a89f0cb91bc419542ce9fa43902dc', 3, 'f76a89f0cb91bc419542ce9fa43902dc'),
(1016, 613, 'f29c21d4897f78948b91f03172341b7b', 3, 'f29c21d4897f78948b91f03172341b7b'),
(1017, 614, '851ddf5058cf22df63d3344ad89919cf', 3, '851ddf5058cf22df63d3344ad89919cf'),
(1018, 615, '58d4d1e7b1e97b258c9ed0b37e02d087', 3, '58d4d1e7b1e97b258c9ed0b37e02d087'),
(1019, 616, '7750ca3559e5b8e1f44210283368fc16', 3, '7750ca3559e5b8e1f44210283368fc16'),
(1020, 617, '5d44ee6f2c3f71b73125876103c8f6c4', 3, '5d44ee6f2c3f71b73125876103c8f6c4'),
(1021, 618, 'eb6fdc36b281b7d5eabf33396c2683a2', 3, 'eb6fdc36b281b7d5eabf33396c2683a2'),
(1022, 619, 'cdc0d6e63aa8e41c89689f54970bb35f', 3, 'cdc0d6e63aa8e41c89689f54970bb35f'),
(1023, 620, 'b73dfe25b4b8714c029b37a6ad3006fa', 3, 'b73dfe25b4b8714c029b37a6ad3006fa'),
(1024, 621, '85fc37b18c57097425b52fc7afbb6969', 3, '85fc37b18c57097425b52fc7afbb6969'),
(1025, 622, '3871bd64012152bfb53fdf04b401193f', 3, '3871bd64012152bfb53fdf04b401193f'),
(1026, 623, 'a733fa9b25f33689e2adbe72199f0e62', 3, 'a733fa9b25f33689e2adbe72199f0e62'),
(1027, 624, '48ab2f9b45957ab574cf005eb8a76760', 3, '48ab2f9b45957ab574cf005eb8a76760'),
(1028, 625, '233509073ed3432027d48b1a83f5fbd2', 3, '233509073ed3432027d48b1a83f5fbd2'),
(1029, 626, '45645a27c4f1adc8a7a835976064a86d', 3, '45645a27c4f1adc8a7a835976064a86d'),
(1030, 627, '185c29dc24325934ee377cfda20e414c', 3, '185c29dc24325934ee377cfda20e414c'),
(1031, 628, '42e77b63637ab381e8be5f8318cc28a2', 3, '42e77b63637ab381e8be5f8318cc28a2'),
(1032, 629, '051e4e127b92f5d98d3c79b195f2b291', 3, '051e4e127b92f5d98d3c79b195f2b291'),
(1033, 630, '9cc138f8dc04cbf16240daa92d8d50e2', 3, '9cc138f8dc04cbf16240daa92d8d50e2'),
(1034, 631, 'b7bb35b9c6ca2aee2df08cf09d7016c2', 3, 'b7bb35b9c6ca2aee2df08cf09d7016c2'),
(1035, 632, 'abd815286ba1007abfbb8415b83ae2cf', 3, 'abd815286ba1007abfbb8415b83ae2cf'),
(1036, 633, '26dd0dbc6e3f4c8043749885523d6a25', 3, '26dd0dbc6e3f4c8043749885523d6a25'),
(1037, 634, '6766aa2750c19aad2fa1b32f36ed4aee', 3, '6766aa2750c19aad2fa1b32f36ed4aee'),
(1038, 635, '6a10bbd480e4c5573d8f3af73ae0454b', 3, '6a10bbd480e4c5573d8f3af73ae0454b'),
(1039, 636, 'c5ab0bc60ac7929182aadd08703f1ec6', 3, 'c5ab0bc60ac7929182aadd08703f1ec6'),
(1040, 637, 'a532400ed62e772b9dc0b86f46e583ff', 3, 'a532400ed62e772b9dc0b86f46e583ff'),
(1041, 638, '4c27cea8526af8cfee3be5e183ac9605', 3, '4c27cea8526af8cfee3be5e183ac9605'),
(1042, 639, '0f96613235062963ccde717b18f97592', 3, '0f96613235062963ccde717b18f97592'),
(1043, 640, '4ffce04d92a4d6cb21c1494cdfcd6dc1', 3, '4ffce04d92a4d6cb21c1494cdfcd6dc1'),
(1044, 641, '67e103b0761e60683e83c559be18d40c', 3, '67e103b0761e60683e83c559be18d40c'),
(1045, 642, '291597a100aadd814d197af4f4bab3a7', 3, '291597a100aadd814d197af4f4bab3a7'),
(1046, 643, '9b698eb3105bd82528f23d0c92dedfc0', 3, '9b698eb3105bd82528f23d0c92dedfc0'),
(1047, 644, '8c7bbbba95c1025975e548cee86dfadc', 3, '8c7bbbba95c1025975e548cee86dfadc'),
(1048, 645, '5e9f92a01c986bafcabbafd145520b13', 3, '5e9f92a01c986bafcabbafd145520b13'),
(1049, 646, '0ff39bbbf981ac0151d340c9aa40e63e', 3, '0ff39bbbf981ac0151d340c9aa40e63e'),
(1050, 647, '303ed4c69846ab36c2904d3ba8573050', 3, '303ed4c69846ab36c2904d3ba8573050'),
(1051, 648, '443cb001c138b2561a0d90720d6ce111', 3, '443cb001c138b2561a0d90720d6ce111'),
(1052, 649, '55b37c5c270e5d84c793e486d798c01d', 3, '55b37c5c270e5d84c793e486d798c01d'),
(1053, 650, '884d247c6f65a96a7da4d1105d584ddd', 3, '884d247c6f65a96a7da4d1105d584ddd'),
(1054, 651, '55743cc0393b1cb4b8b37d09ae48d097', 3, '55743cc0393b1cb4b8b37d09ae48d097'),
(1055, 652, '30ef30b64204a3088a26bc2e6ecf7602', 3, '30ef30b64204a3088a26bc2e6ecf7602'),
(1056, 653, 'eaae339c4d89fc102edd9dbdb6a28915', 3, 'eaae339c4d89fc102edd9dbdb6a28915'),
(1057, 654, 'ab233b682ec355648e7891e66c54191b', 3, 'ab233b682ec355648e7891e66c54191b'),
(1058, 655, '3d2d8ccb37df977cb6d9da15b76c3f3a', 3, '3d2d8ccb37df977cb6d9da15b76c3f3a'),
(1059, 656, '26408ffa703a72e8ac0117e74ad46f33', 3, '26408ffa703a72e8ac0117e74ad46f33'),
(1060, 657, 'b4288d9c0ec0a1841b3b3728321e7088', 3, 'b4288d9c0ec0a1841b3b3728321e7088'),
(1061, 658, '2f37d10131f2a483a8dd005b3d14b0d9', 3, '2f37d10131f2a483a8dd005b3d14b0d9'),
(1062, 659, '0ff8033cf9437c213ee13937b1c4c455', 3, '0ff8033cf9437c213ee13937b1c4c455'),
(1063, 660, '68264bdb65b97eeae6788aa3348e553c', 3, '68264bdb65b97eeae6788aa3348e553c'),
(1064, 661, '3a066bda8c96b9478bb0512f0a43028c', 3, '3a066bda8c96b9478bb0512f0a43028c'),
(1065, 662, 'be3159ad04564bfb90db9e32851ebf9c', 3, 'be3159ad04564bfb90db9e32851ebf9c'),
(1066, 663, '8757150decbd89b0f5442ca3db4d0e0e', 3, '8757150decbd89b0f5442ca3db4d0e0e'),
(1067, 664, '2291d2ec3b3048d1a6f86c2c4591b7e0', 3, '2291d2ec3b3048d1a6f86c2c4591b7e0'),
(1068, 665, '84117275be999ff55a987b9381e01f96', 3, '84117275be999ff55a987b9381e01f96'),
(1069, 666, 'fae0b27c451c728867a567e8c1bb4e53', 3, 'fae0b27c451c728867a567e8c1bb4e53'),
(1070, 667, 'b5dc4e5d9b495d0196f61d45b26ef33e', 3, 'b5dc4e5d9b495d0196f61d45b26ef33e'),
(1071, 668, '192fc044e74dffea144f9ac5dc9f3395', 3, '192fc044e74dffea144f9ac5dc9f3395'),
(1072, 669, '5c04925674920eb58467fb52ce4ef728', 3, '5c04925674920eb58467fb52ce4ef728'),
(1073, 670, '17c276c8e723eb46aef576537e9d56d0', 3, '17c276c8e723eb46aef576537e9d56d0'),
(1074, 671, '5dd9db5e033da9c6fb5ba83c7a7ebea9', 3, '5dd9db5e033da9c6fb5ba83c7a7ebea9'),
(1075, 672, '2dea61eed4bceec564a00115c4d21334', 3, '2dea61eed4bceec564a00115c4d21334'),
(1076, 673, '9f396fe44e7c05c16873b05ec425cbad', 3, '9f396fe44e7c05c16873b05ec425cbad'),
(1077, 674, '0d7de1aca9299fe63f3e0041f02638a3', 3, '0d7de1aca9299fe63f3e0041f02638a3'),
(1078, 675, '8fecb20817b3847419bb3de39a609afe', 3, '8fecb20817b3847419bb3de39a609afe'),
(1079, 676, 'dc6a70712a252123c40d2adba6a11d84', 3, 'dc6a70712a252123c40d2adba6a11d84'),
(1080, 677, '71a3cb155f8dc89bf3d0365288219936', 3, '71a3cb155f8dc89bf3d0365288219936'),
(1081, 678, '9fe8593a8a330607d76796b35c64c600', 3, '9fe8593a8a330607d76796b35c64c600'),
(1082, 679, 'ca9c267dad0305d1a6308d2a0cf1c39c', 3, 'ca9c267dad0305d1a6308d2a0cf1c39c'),
(1083, 680, 'fccb3cdc9acc14a6e70a12f74560c026', 3, 'fccb3cdc9acc14a6e70a12f74560c026'),
(1084, 681, '1595af6435015c77a7149e92a551338e', 3, '1595af6435015c77a7149e92a551338e'),
(1085, 682, '08d98638c6fcd194a4b1e6992063e944', 3, '08d98638c6fcd194a4b1e6992063e944'),
(1086, 683, '24681928425f5a9133504de568f5f6df', 3, '24681928425f5a9133504de568f5f6df'),
(1087, 684, '556f391937dfd4398cbac35e050a2177', 3, '556f391937dfd4398cbac35e050a2177'),
(1088, 685, '3328bdf9a4b9504b9398284244fe97c2', 3, '3328bdf9a4b9504b9398284244fe97c2'),
(1089, 686, '109a0ca3bc27f3e96597370d5c8cf03d', 3, '109a0ca3bc27f3e96597370d5c8cf03d'),
(1090, 687, '7f5d04d189dfb634e6a85bb9d9adf21e', 3, '7f5d04d189dfb634e6a85bb9d9adf21e'),
(1091, 688, 'f79921bbae40a577928b76d2fc3edc2a', 3, 'f79921bbae40a577928b76d2fc3edc2a'),
(1092, 689, '07a96b1f61097ccb54be14d6a47439b0', 3, '07a96b1f61097ccb54be14d6a47439b0'),
(1093, 690, 'c06d06da9666a219db15cf575aff2824', 3, 'c06d06da9666a219db15cf575aff2824'),
(1094, 691, '10a5ab2db37feedfdeaab192ead4ac0e', 3, '10a5ab2db37feedfdeaab192ead4ac0e'),
(1095, 692, 'e555ebe0ce426f7f9b2bef0706315e0c', 3, 'e555ebe0ce426f7f9b2bef0706315e0c'),
(1096, 693, '53e3a7161e428b65688f14b84d61c610', 3, '53e3a7161e428b65688f14b84d61c610'),
(1097, 694, '5487315b1286f907165907aa8fc96619', 3, '5487315b1286f907165907aa8fc96619'),
(1098, 695, 'e4bb4c5173c2ce17fd8fcd40041c068f', 3, 'e4bb4c5173c2ce17fd8fcd40041c068f'),
(1099, 696, '0cb929eae7a499e50248a3a78f7acfc7', 3, '0cb929eae7a499e50248a3a78f7acfc7'),
(1100, 697, '8a0e1141fd37fa5b98d5bb769ba1a7cc', 3, '8a0e1141fd37fa5b98d5bb769ba1a7cc'),
(1101, 698, '99bcfcd754a98ce89cb86f73acc04645', 3, '99bcfcd754a98ce89cb86f73acc04645'),
(1102, 699, 'afd4836712c5e77550897e25711e1d96', 3, 'afd4836712c5e77550897e25711e1d96'),
(1103, 700, 'e5841df2166dd424a57127423d276bbe', 3, 'e5841df2166dd424a57127423d276bbe'),
(1104, 701, 'b4a528955b84f584974e92d025a75d1f', 3, 'b4a528955b84f584974e92d025a75d1f'),
(1105, 702, 'b1eec33c726a60554bc78518d5f9b32c', 3, 'b1eec33c726a60554bc78518d5f9b32c'),
(1106, 703, 'd6c651ddcd97183b2e40bc464231c962', 3, 'd6c651ddcd97183b2e40bc464231c962'),
(1107, 704, 'f64eac11f2cd8f0efa196f8ad173178e', 3, 'f64eac11f2cd8f0efa196f8ad173178e'),
(1108, 705, '4a47d2983c8bd392b120b627e0e1cab4', 3, '4a47d2983c8bd392b120b627e0e1cab4'),
(1109, 706, '9c82c7143c102b71c593d98d96093fde', 3, '9c82c7143c102b71c593d98d96093fde'),
(1110, 707, '500e75a036dc2d7d2fec5da1b71d36cc', 3, '500e75a036dc2d7d2fec5da1b71d36cc'),
(1111, 708, 'ae0eb3eed39d2bcef4622b2499a05fe6', 3, 'ae0eb3eed39d2bcef4622b2499a05fe6'),
(1112, 709, '1ecfb463472ec9115b10c292ef8bc986', 3, '1ecfb463472ec9115b10c292ef8bc986'),
(1113, 710, 'e70611883d2760c8bbafb4acb29e3446', 3, 'e70611883d2760c8bbafb4acb29e3446'),
(1114, 711, '6081594975a764c8e3a691fa2b3a321d', 3, '6081594975a764c8e3a691fa2b3a321d'),
(1115, 712, '19bc916108fc6938f52cb96f7e087941', 3, '19bc916108fc6938f52cb96f7e087941'),
(1116, 713, '07c5807d0d927dcd0980f86024e5208b', 3, '07c5807d0d927dcd0980f86024e5208b'),
(1117, 714, 'd14220ee66aeec73c49038385428ec4c', 3, 'd14220ee66aeec73c49038385428ec4c'),
(1118, 715, '8df707a948fac1b4a0f97aa554886ec8', 3, '8df707a948fac1b4a0f97aa554886ec8'),
(1119, 716, 'e7f8a7fb0b77bcb3b283af5be021448f', 3, 'e7f8a7fb0b77bcb3b283af5be021448f'),
(1120, 717, '788d986905533aba051261497ecffcbb', 3, '788d986905533aba051261497ecffcbb'),
(1121, 718, '50c3d7614917b24303ee6a220679dab3', 3, '50c3d7614917b24303ee6a220679dab3'),
(1122, 719, '2afe4567e1bf64d32a5527244d104cea', 3, '2afe4567e1bf64d32a5527244d104cea'),
(1123, 720, '5f2c22cb4a5380af7ca75622a6426917', 3, '5f2c22cb4a5380af7ca75622a6426917'),
(1124, 721, 'aba3b6fd5d186d28e06ff97135cade7f', 3, 'aba3b6fd5d186d28e06ff97135cade7f'),
(1125, 722, 'c8ed21db4f678f3b13b9d5ee16489088', 3, 'c8ed21db4f678f3b13b9d5ee16489088'),
(1126, 723, '08419be897405321542838d77f855226', 3, '08419be897405321542838d77f855226'),
(1127, 724, '7f1171a78ce0780a2142a6eb7bc4f3c8', 3, '7f1171a78ce0780a2142a6eb7bc4f3c8'),
(1128, 725, '82f2b308c3b01637c607ce05f52a2fed', 3, '82f2b308c3b01637c607ce05f52a2fed'),
(1129, 726, '0d3180d672e08b4c5312dcdafdf6ef36', 3, '0d3180d672e08b4c5312dcdafdf6ef36'),
(1130, 727, 'fb89705ae6d743bf1e848c206e16a1d7', 3, 'fb89705ae6d743bf1e848c206e16a1d7'),
(1131, 728, 'd4c2e4a3297fe25a71d030b67eb83bfc', 3, 'd4c2e4a3297fe25a71d030b67eb83bfc'),
(1132, 729, '5751ec3e9a4feab575962e78e006250d', 3, '5751ec3e9a4feab575962e78e006250d'),
(1133, 730, 'd5cfead94f5350c12c322b5b664544c1', 3, 'd5cfead94f5350c12c322b5b664544c1'),
(1134, 731, '59c33016884a62116be975a9bb8257e3', 3, '59c33016884a62116be975a9bb8257e3'),
(1135, 732, 'ba3866600c3540f67c1e9575e213be0a', 3, 'ba3866600c3540f67c1e9575e213be0a'),
(1136, 733, '6c29793a140a811d0c45ce03c1c93a28', 3, '6c29793a140a811d0c45ce03c1c93a28'),
(1137, 734, 'e995f98d56967d946471af29d7bf99f1', 3, 'e995f98d56967d946471af29d7bf99f1'),
(1138, 735, '6cd67d9b6f0150c77bda2eda01ae484c', 3, '6cd67d9b6f0150c77bda2eda01ae484c'),
(1139, 736, '6bc24fc1ab650b25b4114e93a98f1eba', 3, '6bc24fc1ab650b25b4114e93a98f1eba'),
(1140, 737, 'a5cdd4aa0048b187f7182f1b9ce7a6a7', 3, 'a5cdd4aa0048b187f7182f1b9ce7a6a7'),
(1141, 738, '217eedd1ba8c592db97d0dbe54c7adfc', 3, '217eedd1ba8c592db97d0dbe54c7adfc'),
(1142, 739, 'df263d996281d984952c07998dc54358', 3, 'df263d996281d984952c07998dc54358'),
(1143, 740, 'edfbe1afcf9246bb0d40eb4d8027d90f', 3, 'edfbe1afcf9246bb0d40eb4d8027d90f'),
(1144, 741, '2e65f2f2fdaf6c699b223c61b1b5ab89', 3, '2e65f2f2fdaf6c699b223c61b1b5ab89'),
(1145, 742, 'e94550c93cd70fe748e6982b3439ad3b', 3, 'e94550c93cd70fe748e6982b3439ad3b'),
(1146, 743, '5c572eca050594c7bc3c36e7e8ab9550', 3, '5c572eca050594c7bc3c36e7e8ab9550'),
(1147, 744, '0537fb40a68c18da59a35c2bfe1ca554', 3, '0537fb40a68c18da59a35c2bfe1ca554'),
(1148, 745, '5f0f5e5f33945135b874349cfbed4fb9', 3, '5f0f5e5f33945135b874349cfbed4fb9'),
(1149, 746, '185e65bc40581880c4f2c82958de8cfe', 3, '185e65bc40581880c4f2c82958de8cfe'),
(1150, 747, '8d317bdcf4aafcfc22149d77babee96d', 3, '8d317bdcf4aafcfc22149d77babee96d'),
(1151, 748, 'e49b8b4053df9505e1f48c3a701c0682', 3, 'e49b8b4053df9505e1f48c3a701c0682'),
(1152, 749, 'b056eb1587586b71e2da9acfe4fbd19e', 3, 'b056eb1587586b71e2da9acfe4fbd19e'),
(1153, 750, 'b137fdd1f79d56c7edf3365fea7520f2', 3, 'b137fdd1f79d56c7edf3365fea7520f2'),
(1154, 751, '912d2b1c7b2826caf99687388d2e8f7c', 3, '912d2b1c7b2826caf99687388d2e8f7c'),
(1155, 752, 'a1d33d0dfec820b41b54430b50e96b5c', 3, 'a1d33d0dfec820b41b54430b50e96b5c'),
(1156, 753, '6f2268bd1d3d3ebaabb04d6b5d099425', 3, '6f2268bd1d3d3ebaabb04d6b5d099425'),
(1157, 754, '872488f88d1b2db54d55bc8bba2fad1b', 3, '872488f88d1b2db54d55bc8bba2fad1b'),
(1158, 755, 'ccb0989662211f61edae2e26d58ea92f', 3, 'ccb0989662211f61edae2e26d58ea92f'),
(1159, 756, '2823f4797102ce1a1aec05359cc16dd9', 3, '2823f4797102ce1a1aec05359cc16dd9'),
(1160, 757, '470e7a4f017a5476afb7eeb3f8b96f9b', 3, '470e7a4f017a5476afb7eeb3f8b96f9b'),
(1161, 758, 'bf62768ca46b6c3b5bea9515d1a1fc45', 3, 'bf62768ca46b6c3b5bea9515d1a1fc45'),
(1162, 759, 'fa14d4fe2f19414de3ebd9f63d5c0169', 3, 'fa14d4fe2f19414de3ebd9f63d5c0169'),
(1163, 760, '2ca65f58e35d9ad45bf7f3ae5cfd08f1', 3, '2ca65f58e35d9ad45bf7f3ae5cfd08f1'),
(1164, 761, '88ae6372cfdc5df69a976e893f4d554b', 3, '88ae6372cfdc5df69a976e893f4d554b'),
(1165, 762, '06997f04a7db92466a2baa6ebc8b872d', 3, '06997f04a7db92466a2baa6ebc8b872d'),
(1166, 763, 'eefc9e10ebdc4a2333b42b2dbb8f27b6', 3, 'eefc9e10ebdc4a2333b42b2dbb8f27b6'),
(1167, 764, '5807a685d1a9ab3b599035bc566ce2b9', 3, '5807a685d1a9ab3b599035bc566ce2b9'),
(1168, 765, 'd840cc5d906c3e9c84374c8919d2074e', 3, 'd840cc5d906c3e9c84374c8919d2074e'),
(1169, 766, '959a557f5f6beb411fd954f3f34b21c3', 3, '959a557f5f6beb411fd954f3f34b21c3'),
(1170, 767, 'f2201f5191c4e92cc5af043eebfd0946', 3, 'f2201f5191c4e92cc5af043eebfd0946'),
(1171, 768, '3a835d3215755c435ef4fe9965a3f2a0', 3, '3a835d3215755c435ef4fe9965a3f2a0'),
(1172, 769, '288cc0ff022877bd3df94bc9360b9c5d', 3, '288cc0ff022877bd3df94bc9360b9c5d'),
(1173, 770, '4ea06fbc83cdd0a06020c35d50e1e89a', 3, '4ea06fbc83cdd0a06020c35d50e1e89a'),
(1174, 771, 'b7ee6f5f9aa5cd17ca1aea43ce848496', 3, 'b7ee6f5f9aa5cd17ca1aea43ce848496'),
(1175, 772, 'e57c6b956a6521b28495f2886ca0977a', 3, 'e57c6b956a6521b28495f2886ca0977a'),
(1176, 773, '86b122d4358357d834a87ce618a55de0', 3, '86b122d4358357d834a87ce618a55de0'),
(1177, 774, '4e0928de075538c593fbdabb0c5ef2c3', 3, '4e0928de075538c593fbdabb0c5ef2c3'),
(1178, 775, 'c0f168ce8900fa56e57789e2a2f2c9d0', 3, 'c0f168ce8900fa56e57789e2a2f2c9d0'),
(1179, 776, '8c6744c9d42ec2cb9e8885b54ff744d0', 3, '8c6744c9d42ec2cb9e8885b54ff744d0'),
(1180, 777, 'f1c1592588411002af340cbaedd6fc33', 3, 'f1c1592588411002af340cbaedd6fc33'),
(1181, 778, 'e07413354875be01a996dc560274708e', 3, 'e07413354875be01a996dc560274708e'),
(1182, 779, '67d96d458abdef21792e6d8e590244e7', 3, '67d96d458abdef21792e6d8e590244e7'),
(1183, 780, 'a8e864d04c95572d1aece099af852d0a', 3, 'a8e864d04c95572d1aece099af852d0a'),
(1184, 781, '7143d7fbadfa4693b9eec507d9d37443', 3, '7143d7fbadfa4693b9eec507d9d37443'),
(1185, 782, '72da7fd6d1302c0a159f6436d01e9eb0', 3, '72da7fd6d1302c0a159f6436d01e9eb0'),
(1186, 783, '6e0721b2c6977135b916ef286bcb49ec', 3, '6e0721b2c6977135b916ef286bcb49ec'),
(1187, 784, 'fc8001f834f6a5f0561080d134d53d29', 3, 'fc8001f834f6a5f0561080d134d53d29'),
(1188, 785, '4b04a686b0ad13dce35fa99fa4161c65', 3, '4b04a686b0ad13dce35fa99fa4161c65'),
(1189, 786, '61b4a64be663682e8cb037d9719ad8cd', 3, '61b4a64be663682e8cb037d9719ad8cd'),
(1190, 787, '3621f1454cacf995530ea53652ddf8fb', 3, '3621f1454cacf995530ea53652ddf8fb'),
(1191, 788, 'c15da1f2b5e5ed6e6837a3802f0d1593', 3, 'c15da1f2b5e5ed6e6837a3802f0d1593'),
(1192, 789, '68053af2923e00204c3ca7c6a3150cf7', 3, '68053af2923e00204c3ca7c6a3150cf7'),
(1193, 790, '2dace78f80bc92e6d7493423d729448e', 3, '2dace78f80bc92e6d7493423d729448e'),
(1194, 791, 'df7f28ac89ca37bf1abd2f6c184fe1cf', 3, 'df7f28ac89ca37bf1abd2f6c184fe1cf'),
(1195, 792, '96ea64f3a1aa2fd00c72faacf0cb8ac9', 3, '96ea64f3a1aa2fd00c72faacf0cb8ac9'),
(1196, 793, 'da8ce53cf0240070ce6c69c48cd588ee', 3, 'da8ce53cf0240070ce6c69c48cd588ee'),
(1197, 794, '82489c9737cc245530c7a6ebef3753ec', 3, '82489c9737cc245530c7a6ebef3753ec'),
(1198, 795, '7c590f01490190db0ed02a5070e20f01', 3, '7c590f01490190db0ed02a5070e20f01'),
(1199, 796, '35cf8659cfcb13224cbd47863a34fc58', 3, '35cf8659cfcb13224cbd47863a34fc58'),
(1200, 797, 'beb22fb694d513edcf5533cf006dfeae', 3, 'beb22fb694d513edcf5533cf006dfeae'),
(1201, 798, '9e3cfc48eccf81a0d57663e129aef3cb', 3, '9e3cfc48eccf81a0d57663e129aef3cb'),
(1202, 799, '28267ab848bcf807b2ed53c3a8f8fc8a', 3, '28267ab848bcf807b2ed53c3a8f8fc8a'),
(1203, 800, '7a53928fa4dd31e82c6ef826f341daec', 3, '7a53928fa4dd31e82c6ef826f341daec'),
(1204, 801, '1905aedab9bf2477edc068a355bba31a', 3, '1905aedab9bf2477edc068a355bba31a'),
(1205, 802, '1141938ba2c2b13f5505d7c424ebae5f', 3, '1141938ba2c2b13f5505d7c424ebae5f'),
(1206, 803, '1aa48fc4880bb0c9b8a3bf979d3b917e', 3, '1aa48fc4880bb0c9b8a3bf979d3b917e'),
(1207, 804, 'dc5689792e08eb2e219dce49e64c885b', 3, 'dc5689792e08eb2e219dce49e64c885b'),
(1208, 805, '846c260d715e5b854ffad5f70a516c88', 3, '846c260d715e5b854ffad5f70a516c88'),
(1209, 806, 'd58072be2820e8682c0a27c0518e805e', 3, 'd58072be2820e8682c0a27c0518e805e'),
(1210, 807, '6e7b33fdea3adc80ebd648fffb665bb8', 3, '6e7b33fdea3adc80ebd648fffb665bb8'),
(1211, 808, 'a8ecbabae151abacba7dbde04f761c37', 3, 'a8ecbabae151abacba7dbde04f761c37'),
(1212, 809, '32b30a250abd6331e03a2a1f16466346', 3, '32b30a250abd6331e03a2a1f16466346'),
(1213, 810, 'b6edc1cd1f36e45daf6d7824d7bb2283', 3, 'b6edc1cd1f36e45daf6d7824d7bb2283'),
(1214, 811, '670e8a43b246801ca1eaca97b3e19189', 3, '670e8a43b246801ca1eaca97b3e19189'),
(1215, 812, '81e74d678581a3bb7a720b019f4f1a93', 3, '81e74d678581a3bb7a720b019f4f1a93'),
(1216, 813, 'e0cf1f47118daebc5b16269099ad7347', 3, 'e0cf1f47118daebc5b16269099ad7347'),
(1217, 814, '96b9bff013acedfb1d140579e2fbeb63', 3, '96b9bff013acedfb1d140579e2fbeb63'),
(1218, 815, '71ad16ad2c4d81f348082ff6c4b20768', 3, '71ad16ad2c4d81f348082ff6c4b20768'),
(1219, 816, '43fa7f58b7eac7ac872209342e62e8f1', 3, '43fa7f58b7eac7ac872209342e62e8f1'),
(1220, 817, '31839b036f63806cba3f47b93af8ccb5', 3, '31839b036f63806cba3f47b93af8ccb5'),
(1221, 818, 'f0adc8838f4bdedde4ec2cfad0515589', 3, 'f0adc8838f4bdedde4ec2cfad0515589'),
(1222, 819, '3b5dca501ee1e6d8cd7b905f4e1bf723', 3, '3b5dca501ee1e6d8cd7b905f4e1bf723'),
(1223, 820, 'e2a2dcc36a08a345332c751b2f2e476c', 3, 'e2a2dcc36a08a345332c751b2f2e476c'),
(1224, 821, '4558dbb6f6f8bb2e16d03b85bde76e2c', 3, '4558dbb6f6f8bb2e16d03b85bde76e2c'),
(1225, 822, 'afda332245e2af431fb7b672a68b659d', 3, 'afda332245e2af431fb7b672a68b659d'),
(1226, 823, '632cee946db83e7a52ce5e8d6f0fed35', 3, '632cee946db83e7a52ce5e8d6f0fed35'),
(1227, 824, '677e09724f0e2df9b6c000b75b5da10d', 3, '677e09724f0e2df9b6c000b75b5da10d'),
(1228, 825, 'd554f7bb7be44a7267068a7df88ddd20', 3, 'd554f7bb7be44a7267068a7df88ddd20'),
(1229, 826, '795c7a7a5ec6b460ec00c5841019b9e9', 3, '795c7a7a5ec6b460ec00c5841019b9e9'),
(1230, 827, 'fa3a3c407f82377f55c19c5d403335c7', 3, 'fa3a3c407f82377f55c19c5d403335c7'),
(1231, 828, 'c2626d850c80ea07e7511bbae4c76f4b', 3, 'c2626d850c80ea07e7511bbae4c76f4b'),
(1232, 829, 'ce78d1da254c0843eb23951ae077ff5f', 3, 'ce78d1da254c0843eb23951ae077ff5f'),
(1233, 830, '8e82ab7243b7c66d768f1b8ce1c967eb', 3, '8e82ab7243b7c66d768f1b8ce1c967eb'),
(1234, 831, 'e0ec453e28e061cc58ac43f91dc2f3f0', 3, 'e0ec453e28e061cc58ac43f91dc2f3f0'),
(1235, 832, '7250eb93b3c18cc9daa29cf58af7a004', 3, '7250eb93b3c18cc9daa29cf58af7a004'),
(1236, 833, '013a006f03dbc5392effeb8f18fda755', 3, '013a006f03dbc5392effeb8f18fda755'),
(1237, 834, '301ad0e3bd5cb1627a2044908a42fdc2', 3, '301ad0e3bd5cb1627a2044908a42fdc2'),
(1238, 835, '4d5b995358e7798bc7e9d9db83c612a5', 3, '4d5b995358e7798bc7e9d9db83c612a5'),
(1239, 836, 'ab88b15733f543179858600245108dd8', 3, 'ab88b15733f543179858600245108dd8'),
(1240, 837, 'b0b183c207f46f0cca7dc63b2604f5cc', 3, 'b0b183c207f46f0cca7dc63b2604f5cc'),
(1241, 838, 'f9028faec74be6ec9b852b0a542e2f39', 3, 'f9028faec74be6ec9b852b0a542e2f39'),
(1242, 839, '8f7d807e1f53eff5f9efbe5cb81090fb', 3, '8f7d807e1f53eff5f9efbe5cb81090fb'),
(1243, 840, 'fa83a11a198d5a7f0bf77a1987bcd006', 3, 'fa83a11a198d5a7f0bf77a1987bcd006'),
(1244, 841, '02a32ad2669e6fe298e607fe7cc0e1a0', 3, '02a32ad2669e6fe298e607fe7cc0e1a0'),
(1245, 842, 'fc3cf452d3da8402bebb765225ce8c0e', 3, 'fc3cf452d3da8402bebb765225ce8c0e'),
(1246, 843, '3d8e28caf901313a554cebc7d32e67e5', 3, '3d8e28caf901313a554cebc7d32e67e5'),
(1247, 844, 'e97ee2054defb209c35fe4dc94599061', 3, 'e97ee2054defb209c35fe4dc94599061'),
(1248, 845, 'b86e8d03fe992d1b0e19656875ee557c', 3, 'b86e8d03fe992d1b0e19656875ee557c'),
(1249, 846, '84f7e69969dea92a925508f7c1f9579a', 3, '84f7e69969dea92a925508f7c1f9579a'),
(1250, 847, 'f4552671f8909587cf485ea990207f3b', 3, 'f4552671f8909587cf485ea990207f3b'),
(1251, 848, '362e80d4df43b03ae6d3f8540cd63626', 3, '362e80d4df43b03ae6d3f8540cd63626'),
(1252, 849, 'fe8c15fed5f808006ce95eddb7366e35', 3, 'fe8c15fed5f808006ce95eddb7366e35'),
(1253, 850, '1efa39bcaec6f3900149160693694536', 3, '1efa39bcaec6f3900149160693694536'),
(1254, 851, '92fb0c6d1758261f10d052e6e2c1123c', 3, '92fb0c6d1758261f10d052e6e2c1123c'),
(1255, 852, '22ac3c5a5bf0b520d281c122d1490650', 3, '22ac3c5a5bf0b520d281c122d1490650'),
(1256, 853, 'aff1621254f7c1be92f64550478c56e6', 3, 'aff1621254f7c1be92f64550478c56e6'),
(1257, 854, 'f7e9050c92a851b0016442ab604b0488', 3, 'f7e9050c92a851b0016442ab604b0488'),
(1258, 855, 'addfa9b7e234254d26e9c7f2af1005cb', 3, 'addfa9b7e234254d26e9c7f2af1005cb'),
(1259, 856, '8c235f89a8143a28a1d6067e959dd858', 3, '8c235f89a8143a28a1d6067e959dd858'),
(1260, 857, '847cc55b7032108eee6dd897f3bca8a5', 3, '847cc55b7032108eee6dd897f3bca8a5'),
(1261, 858, 'a67f096809415ca1c9f112d96d27689b', 3, 'a67f096809415ca1c9f112d96d27689b'),
(1262, 859, '2a084e55c87b1ebcdaad1f62fdbbac8e', 3, '2a084e55c87b1ebcdaad1f62fdbbac8e'),
(1263, 860, 'fc49306d97602c8ed1be1dfbf0835ead', 3, 'fc49306d97602c8ed1be1dfbf0835ead'),
(1264, 861, 'f9a40a4780f5e1306c46f1c8daecee3b', 3, 'f9a40a4780f5e1306c46f1c8daecee3b'),
(1265, 862, '5ec91aac30eae62f4140325d09b9afd0', 3, '5ec91aac30eae62f4140325d09b9afd0'),
(1266, 863, '19b650660b253761af189682e03501dd', 3, '19b650660b253761af189682e03501dd'),
(1267, 864, '1fc214004c9481e4c8073e85323bfd4b', 3, '1fc214004c9481e4c8073e85323bfd4b'),
(1268, 865, '3b3dbaf68507998acd6a5a5254ab2d76', 3, '3b3dbaf68507998acd6a5a5254ab2d76'),
(1269, 866, 'ca8155f4d27f205953f9d3d7974bdd70', 3, 'ca8155f4d27f205953f9d3d7974bdd70'),
(1270, 867, 'ede7e2b6d13a41ddf9f4bdef84fdc737', 3, 'ede7e2b6d13a41ddf9f4bdef84fdc737'),
(1271, 868, 'dd45045f8c68db9f54e70c67048d32e8', 3, 'dd45045f8c68db9f54e70c67048d32e8'),
(1272, 869, '49c9adb18e44be0711a94e827042f630', 3, '49c9adb18e44be0711a94e827042f630'),
(1273, 870, '22fb0cee7e1f3bde58293de743871417', 3, '22fb0cee7e1f3bde58293de743871417'),
(1274, 871, 'aeb3135b436aa55373822c010763dd54', 3, 'aeb3135b436aa55373822c010763dd54'),
(1275, 872, '43feaeeecd7b2fe2ae2e26d917b6477d', 3, '43feaeeecd7b2fe2ae2e26d917b6477d'),
(1276, 873, '98d6f58ab0dafbb86b083a001561bb34', 3, '98d6f58ab0dafbb86b083a001561bb34'),
(1277, 874, '51ef186e18dc00c2d31982567235c559', 3, '51ef186e18dc00c2d31982567235c559'),
(1278, 875, '4b0a59ddf11c58e7446c9df0da541a84', 3, '4b0a59ddf11c58e7446c9df0da541a84'),
(1279, 876, '67d16d00201083a2b118dd5128dd6f59', 3, '67d16d00201083a2b118dd5128dd6f59'),
(1280, 877, '352407221afb776e3143e8a1a0577885', 3, '352407221afb776e3143e8a1a0577885'),
(1281, 878, 'dd8eb9f23fbd362da0e3f4e70b878c16', 3, 'dd8eb9f23fbd362da0e3f4e70b878c16'),
(1282, 879, 'd516b13671a4179d9b7b458a6ebdeb92', 3, 'd516b13671a4179d9b7b458a6ebdeb92'),
(1283, 880, '1f50893f80d6830d62765ffad7721742', 3, '1f50893f80d6830d62765ffad7721742'),
(1284, 881, '7504adad8bb96320eb3afdd4df6e1f60', 3, '7504adad8bb96320eb3afdd4df6e1f60'),
(1285, 882, '6c3cf77d52820cd0fe646d38bc2145ca', 3, '6c3cf77d52820cd0fe646d38bc2145ca'),
(1286, 883, '210f760a89db30aa72ca258a3483cc7f', 3, '210f760a89db30aa72ca258a3483cc7f'),
(1287, 884, '170c944978496731ba71f34c25826a34', 3, '170c944978496731ba71f34c25826a34'),
(1288, 885, '0efe32849d230d7f53049ddc4a4b0c60', 3, '0efe32849d230d7f53049ddc4a4b0c60'),
(1289, 886, '704afe073992cbe4813cae2f7715336f', 3, '704afe073992cbe4813cae2f7715336f'),
(1290, 887, '7ce3284b743aefde80ffd9aec500e085', 3, '7ce3284b743aefde80ffd9aec500e085'),
(1291, 888, '0a113ef6b61820daa5611c870ed8d5ee', 3, '0a113ef6b61820daa5611c870ed8d5ee'),
(1292, 889, '07871915a8107172b3b5dc15a6574ad3', 3, '07871915a8107172b3b5dc15a6574ad3'),
(1293, 890, '024d7f84fff11dd7e8d9c510137a2381', 3, '024d7f84fff11dd7e8d9c510137a2381'),
(1294, 891, 'cfbce4c1d7c425baf21d6b6f2babe6be', 3, 'cfbce4c1d7c425baf21d6b6f2babe6be'),
(1295, 892, 'c2aee86157b4a40b78132f1e71a9e6f1', 3, 'c2aee86157b4a40b78132f1e71a9e6f1'),
(1296, 893, 'd56b9fc4b0f1be8871f5e1c40c0067e7', 3, 'd56b9fc4b0f1be8871f5e1c40c0067e7'),
(1297, 894, '4b0250793549726d5c1ea3906726ebfe', 3, '4b0250793549726d5c1ea3906726ebfe'),
(1298, 895, '20aee3a5f4643755a79ee5f6a73050ac', 3, '20aee3a5f4643755a79ee5f6a73050ac'),
(1299, 896, '061412e4a03c02f9902576ec55ebbe77', 3, '061412e4a03c02f9902576ec55ebbe77'),
(1300, 897, '5705e1164a8394aace6018e27d20d237', 3, '5705e1164a8394aace6018e27d20d237'),
(1301, 898, 'a64c94baaf368e1840a1324e839230de', 3, 'a64c94baaf368e1840a1324e839230de'),
(1302, 899, '01882513d5fa7c329e940dda99b12147', 3, '01882513d5fa7c329e940dda99b12147'),
(1303, 900, 'acf4b89d3d503d8252c9c4ba75ddbf6d', 3, 'acf4b89d3d503d8252c9c4ba75ddbf6d'),
(1304, 901, '892c91e0a653ba19df81a90f89d99bcd', 3, '892c91e0a653ba19df81a90f89d99bcd'),
(1305, 902, 'b6a1085a27ab7bff7550f8a3bd017df8', 3, 'b6a1085a27ab7bff7550f8a3bd017df8'),
(1306, 903, 'aa169b49b583a2b5af89203c2b78c67c', 3, 'aa169b49b583a2b5af89203c2b78c67c'),
(1307, 904, 'f47d0ad31c4c49061b9e505593e3db98', 3, 'f47d0ad31c4c49061b9e505593e3db98'),
(1308, 905, 'f57a2f557b098c43f11ab969efe1504b', 3, 'f57a2f557b098c43f11ab969efe1504b'),
(1309, 906, 'c8fbbc86abe8bd6a5eb6a3b4d0411301', 3, 'c8fbbc86abe8bd6a5eb6a3b4d0411301'),
(1310, 907, '621461af90cadfdaf0e8d4cc25129f91', 3, '621461af90cadfdaf0e8d4cc25129f91'),
(1311, 908, '8b6dd7db9af49e67306feb59a8bdc52c', 3, '8b6dd7db9af49e67306feb59a8bdc52c'),
(1312, 909, 'a4300b002bcfb71f291dac175d52df94', 3, 'a4300b002bcfb71f291dac175d52df94'),
(1313, 910, 'e205ee2a5de471a70c1fd1b46033a75f', 3, 'e205ee2a5de471a70c1fd1b46033a75f'),
(1314, 911, 'b56a18e0eacdf51aa2a5306b0f533204', 3, 'b56a18e0eacdf51aa2a5306b0f533204'),
(1315, 912, '2a9d121cd9c3a1832bb6d2cc6bd7a8a7', 3, '2a9d121cd9c3a1832bb6d2cc6bd7a8a7'),
(1316, 913, '8b5040a8a5baf3e0e67386c2e3a9b903', 3, '8b5040a8a5baf3e0e67386c2e3a9b903'),
(1317, 914, '7634ea65a4e6d9041cfd3f7de18e334a', 3, '7634ea65a4e6d9041cfd3f7de18e334a'),
(1318, 915, '24896ee4c6526356cc127852413ea3b4', 3, '24896ee4c6526356cc127852413ea3b4'),
(1319, 916, '23ce1851341ec1fa9e0c259de10bf87c', 3, '23ce1851341ec1fa9e0c259de10bf87c'),
(1320, 917, 'da0d1111d2dc5d489242e60ebcbaf988', 3, 'da0d1111d2dc5d489242e60ebcbaf988'),
(1321, 918, '1e056d2b0ebd5c878c550da6ac5d3724', 3, '1e056d2b0ebd5c878c550da6ac5d3724'),
(1322, 919, '3e89ebdb49f712c7d90d1b39e348bbbf', 3, '3e89ebdb49f712c7d90d1b39e348bbbf'),
(1323, 920, '6d0f846348a856321729a2f36734d1a7', 3, '6d0f846348a856321729a2f36734d1a7'),
(1324, 921, '430c3626b879b4005d41b8a46172e0c0', 3, '430c3626b879b4005d41b8a46172e0c0'),
(1325, 922, 'ccc0aa1b81bf81e16c676ddb977c5881', 3, 'ccc0aa1b81bf81e16c676ddb977c5881'),
(1326, 923, 'c4015b7f368e6b4871809f49debe0579', 3, 'c4015b7f368e6b4871809f49debe0579'),
(1327, 924, 'bea5955b308361a1b07bc55042e25e54', 3, 'bea5955b308361a1b07bc55042e25e54'),
(1328, 925, '7fa732b517cbed14a48843d74526c11a', 3, '7fa732b517cbed14a48843d74526c11a'),
(1329, 926, 'cbb6a3b884f4f88b3a8e3d44c636cbd8', 3, 'cbb6a3b884f4f88b3a8e3d44c636cbd8'),
(1330, 927, '1f4477bad7af3616c1f933a02bfabe4e', 3, '1f4477bad7af3616c1f933a02bfabe4e'),
(1331, 928, 'd045c59a90d7587d8d671b5f5aec4e7c', 3, 'd045c59a90d7587d8d671b5f5aec4e7c'),
(1332, 929, '0d0871f0806eae32d30983b62252da50', 3, '0d0871f0806eae32d30983b62252da50'),
(1333, 930, '1cc3633c579a90cfdd895e64021e2163', 3, '1cc3633c579a90cfdd895e64021e2163'),
(1334, 931, '9f53d83ec0691550f7d2507d57f4f5a2', 3, '9f53d83ec0691550f7d2507d57f4f5a2'),
(1335, 932, 'd2ed45a52bc0edfa11c2064e9edee8bf', 3, 'd2ed45a52bc0edfa11c2064e9edee8bf'),
(1336, 933, '043c3d7e489c69b48737cc0c92d0f3a2', 3, '043c3d7e489c69b48737cc0c92d0f3a2'),
(1337, 934, '4daa3db355ef2b0e64b472968cb70f0d', 3, '4daa3db355ef2b0e64b472968cb70f0d'),
(1338, 935, 'e820a45f1dfc7b95282d10b6087e11c0', 3, 'e820a45f1dfc7b95282d10b6087e11c0'),
(1339, 936, '90794e3b050f815354e3e29e977a88ab', 3, '90794e3b050f815354e3e29e977a88ab'),
(1340, 937, 'b7892fb3c2f009c65f686f6355c895b5', 3, 'b7892fb3c2f009c65f686f6355c895b5'),
(1341, 938, '74bba22728b6185eec06286af6bec36d', 3, '74bba22728b6185eec06286af6bec36d'),
(1342, 939, '3df1d4b96d8976ff5986393e8767f5b2', 3, '3df1d4b96d8976ff5986393e8767f5b2'),
(1343, 940, '8d6dc35e506fc23349dd10ee68dabb64', 3, '8d6dc35e506fc23349dd10ee68dabb64'),
(1344, 941, '92262bf907af914b95a0fc33c3f33bf6', 3, '92262bf907af914b95a0fc33c3f33bf6'),
(1345, 942, 'b55ec28c52d5f6205684a473a2193564', 3, 'b55ec28c52d5f6205684a473a2193564'),
(1346, 943, '2f885d0fbe2e131bfc9d98363e55d1d4', 3, '2f885d0fbe2e131bfc9d98363e55d1d4'),
(1347, 944, '64223ccf70bbb65a3a4aceac37e21016', 3, '64223ccf70bbb65a3a4aceac37e21016'),
(1348, 945, '4b6538a44a1dfdc2b83477cd76dee98e', 3, '4b6538a44a1dfdc2b83477cd76dee98e'),
(1349, 946, 'c8c41c4a18675a74e01c8a20e8a0f662', 3, 'c8c41c4a18675a74e01c8a20e8a0f662'),
(1350, 947, 'c4b31ce7d95c75ca70d50c19aef08bf1', 3, 'c4b31ce7d95c75ca70d50c19aef08bf1'),
(1351, 948, '58e4d44e550d0f7ee0a23d6b02d9b0db', 3, '58e4d44e550d0f7ee0a23d6b02d9b0db'),
(1352, 949, '3cef96dcc9b8035d23f69e30bb19218a', 3, '3cef96dcc9b8035d23f69e30bb19218a'),
(1353, 950, 'a3d68b461bd9d3533ee1dd3ce4628ed4', 3, 'a3d68b461bd9d3533ee1dd3ce4628ed4'),
(1354, 951, '1c1d4df596d01da60385f0bb17a4a9e0', 3, '1c1d4df596d01da60385f0bb17a4a9e0');
INSERT INTO `users` (`user_id`, `us_email`, `us_password`, `us_user_type`, `verification_code`) VALUES
(1355, 952, 'e6cb2a3c14431b55aa50c06529eaa21b', 3, 'e6cb2a3c14431b55aa50c06529eaa21b'),
(1356, 953, '9232fe81225bcaef853ae32870a2b0fe', 3, '9232fe81225bcaef853ae32870a2b0fe'),
(1357, 954, '6395ebd0f4b478145ecfbaf939454fa4', 3, '6395ebd0f4b478145ecfbaf939454fa4'),
(1358, 955, 'ef4e3b775c934dada217712d76f3d51f', 3, 'ef4e3b775c934dada217712d76f3d51f'),
(1359, 956, '168908dd3227b8358eababa07fcaf091', 3, '168908dd3227b8358eababa07fcaf091'),
(1360, 957, '2ba596643cbbbc20318224181fa46b28', 3, '2ba596643cbbbc20318224181fa46b28'),
(1361, 958, 'd240e3d38a8882ecad8633c8f9c78c9b', 3, 'd240e3d38a8882ecad8633c8f9c78c9b'),
(1362, 959, '0f840be9b8db4d3fbd5ba2ce59211f55', 3, '0f840be9b8db4d3fbd5ba2ce59211f55'),
(1363, 960, '437d7d1d97917cd627a34a6a0fb41136', 3, '437d7d1d97917cd627a34a6a0fb41136'),
(1364, 961, 'd707329bece455a462b58ce00d1194c9', 3, 'd707329bece455a462b58ce00d1194c9'),
(1365, 962, '5c936263f3428a40227908d5a3847c0b', 3, '5c936263f3428a40227908d5a3847c0b'),
(1366, 963, '1ce927f875864094e3906a4a0b5ece68', 3, '1ce927f875864094e3906a4a0b5ece68'),
(1367, 964, '8065d07da4a77621450aa84fee5656d9', 3, '8065d07da4a77621450aa84fee5656d9'),
(1368, 965, 'eeb69a3cb92300456b6a5f4162093851', 3, 'eeb69a3cb92300456b6a5f4162093851'),
(1369, 966, '4e0cb6fb5fb446d1c92ede2ed8780188', 3, '4e0cb6fb5fb446d1c92ede2ed8780188'),
(1370, 967, '6cfe0e6127fa25df2a0ef2ae1067d915', 3, '6cfe0e6127fa25df2a0ef2ae1067d915'),
(1371, 968, '8f468c873a32bb0619eaeb2050ba45d1', 3, '8f468c873a32bb0619eaeb2050ba45d1'),
(1372, 969, 'e744f91c29ec99f0e662c9177946c627', 3, 'e744f91c29ec99f0e662c9177946c627'),
(1373, 970, '89fcd07f20b6785b92134bd6c1d0fa42', 3, '89fcd07f20b6785b92134bd6c1d0fa42'),
(1374, 971, '6602294be910b1e3c4571bd98c4d5484', 3, '6602294be910b1e3c4571bd98c4d5484'),
(1375, 972, 'c22abfa379f38b5b0411bc11fa9bf92f', 3, 'c22abfa379f38b5b0411bc11fa9bf92f'),
(1376, 973, 'ca75910166da03ff9d4655a0338e6b09', 3, 'ca75910166da03ff9d4655a0338e6b09'),
(1377, 974, '4311359ed4969e8401880e3c1836fbe1', 3, '4311359ed4969e8401880e3c1836fbe1'),
(1378, 975, '92977ae4d2ba21425a59afb269c2a14e', 3, '92977ae4d2ba21425a59afb269c2a14e'),
(1379, 976, '9c01802ddb981e6bcfbec0f0516b8e35', 3, '9c01802ddb981e6bcfbec0f0516b8e35'),
(1380, 977, 'cc1aa436277138f61cda703991069eaf', 3, 'cc1aa436277138f61cda703991069eaf'),
(1381, 978, '2ab56412b1163ee131e1246da0955bd1', 3, '2ab56412b1163ee131e1246da0955bd1'),
(1382, 979, 'c32d9bf27a3da7ec8163957080c8628e', 3, 'c32d9bf27a3da7ec8163957080c8628e'),
(1383, 980, 'd79aac075930c83c2f1e369a511148fe', 3, 'd79aac075930c83c2f1e369a511148fe'),
(1384, 981, '287e03db1d99e0ec2edb90d079e142f3', 3, '287e03db1d99e0ec2edb90d079e142f3'),
(1385, 982, 'fec8d47d412bcbeece3d9128ae855a7a', 3, 'fec8d47d412bcbeece3d9128ae855a7a'),
(1386, 983, '6aab1270668d8cac7cef2566a1c5f569', 3, '6aab1270668d8cac7cef2566a1c5f569'),
(1387, 984, 'd93ed5b6db83be78efb0d05ae420158e', 3, 'd93ed5b6db83be78efb0d05ae420158e'),
(1388, 985, '54a367d629152b720749e187b3eaa11b', 3, '54a367d629152b720749e187b3eaa11b'),
(1389, 986, 'fe7ee8fc1959cc7214fa21c4840dff0a', 3, 'fe7ee8fc1959cc7214fa21c4840dff0a'),
(1390, 987, 'df6d2338b2b8fce1ec2f6dda0a630eb0', 3, 'df6d2338b2b8fce1ec2f6dda0a630eb0'),
(1391, 988, '9908279ebbf1f9b250ba689db6a0222b', 3, '9908279ebbf1f9b250ba689db6a0222b'),
(1392, 989, 'a1140a3d0df1c81e24ae954d935e8926', 3, 'a1140a3d0df1c81e24ae954d935e8926'),
(1393, 990, '4fac9ba115140ac4f1c22da82aa0bc7f', 3, '4fac9ba115140ac4f1c22da82aa0bc7f'),
(1394, 991, '692f93be8c7a41525c0baf2076aecfb4', 3, '692f93be8c7a41525c0baf2076aecfb4'),
(1395, 992, '860320be12a1c050cd7731794e231bd3', 3, '860320be12a1c050cd7731794e231bd3'),
(1396, 993, '7b13b2203029ed80337f27127a9f1d28', 3, '7b13b2203029ed80337f27127a9f1d28'),
(1397, 994, '934815ad542a4a7c5e8a2dfa04fea9f5', 3, '934815ad542a4a7c5e8a2dfa04fea9f5'),
(1398, 995, '2bcab9d935d219641434683dd9d18a03', 3, '2bcab9d935d219641434683dd9d18a03'),
(1399, 996, '0b8aff0438617c055eb55f0ba5d226fa', 3, '0b8aff0438617c055eb55f0ba5d226fa'),
(1400, 997, 'ec5aa0b7846082a2415f0902f0da88f2', 3, 'ec5aa0b7846082a2415f0902f0da88f2'),
(1401, 998, '9ab0d88431732957a618d4a469a0d4c3', 3, '9ab0d88431732957a618d4a469a0d4c3'),
(1402, 999, 'b706835de79a2b4e80506f582af3676a', 3, 'b706835de79a2b4e80506f582af3676a'),
(1403, 1000, 'a9b7ba70783b617e9998dc4dd82eb3c5', 3, 'a9b7ba70783b617e9998dc4dd82eb3c5'),
(1404, 1001, 'b8c37e33defde51cf91e1e03e51657da', 3, 'b8c37e33defde51cf91e1e03e51657da'),
(1405, 1002, 'fba9d88164f3e2d9109ee770223212a0', 3, 'fba9d88164f3e2d9109ee770223212a0'),
(1406, 1003, 'aa68c75c4a77c87f97fb686b2f068676', 3, 'aa68c75c4a77c87f97fb686b2f068676'),
(1407, 1004, 'fed33392d3a48aa149a87a38b875ba4a', 3, 'fed33392d3a48aa149a87a38b875ba4a'),
(1408, 1005, '2387337ba1e0b0249ba90f55b2ba2521', 3, '2387337ba1e0b0249ba90f55b2ba2521'),
(1409, 1006, '9246444d94f081e3549803b928260f56', 3, '9246444d94f081e3549803b928260f56'),
(1410, 1007, 'd7322ed717dedf1eb4e6e52a37ea7bcd', 3, 'd7322ed717dedf1eb4e6e52a37ea7bcd'),
(1411, 1008, '1587965fb4d4b5afe8428a4a024feb0d', 3, '1587965fb4d4b5afe8428a4a024feb0d'),
(1412, 1009, '31b3b31a1c2f8a370206f111127c0dbd', 3, '31b3b31a1c2f8a370206f111127c0dbd'),
(1413, 1010, '1e48c4420b7073bc11916c6c1de226bb', 3, '1e48c4420b7073bc11916c6c1de226bb'),
(1414, 1011, '7f975a56c761db6506eca0b37ce6ec87', 3, '7f975a56c761db6506eca0b37ce6ec87'),
(1415, 1012, 'f33ba15effa5c10e873bf3842afb46a6', 3, 'f33ba15effa5c10e873bf3842afb46a6'),
(1416, 1013, '6b180037abbebea991d8b1232f8a8ca9', 3, '6b180037abbebea991d8b1232f8a8ca9'),
(1417, 1014, '766d856ef1a6b02f93d894415e6bfa0e', 3, '766d856ef1a6b02f93d894415e6bfa0e'),
(1418, 1015, '298923c8190045e91288b430794814c4', 3, '298923c8190045e91288b430794814c4'),
(1419, 1016, '08fe2621d8e716b02ec0da35256a998d', 3, '08fe2621d8e716b02ec0da35256a998d'),
(1420, 1017, '5d616dd38211ebb5d6ec52986674b6e4', 3, '5d616dd38211ebb5d6ec52986674b6e4'),
(1421, 1018, 'ef50c335cca9f340bde656363ebd02fd', 3, 'ef50c335cca9f340bde656363ebd02fd'),
(1422, 1019, '03e0704b5690a2dee1861dc3ad3316c9', 3, '03e0704b5690a2dee1861dc3ad3316c9'),
(1423, 1020, '65cc2c8205a05d7379fa3a6386f710e1', 3, '65cc2c8205a05d7379fa3a6386f710e1'),
(1424, 1021, '0768281a05da9f27df178b5c39a51263', 3, '0768281a05da9f27df178b5c39a51263'),
(1425, 1022, '93d65641ff3f1586614cf2c1ad240b6c', 3, '93d65641ff3f1586614cf2c1ad240b6c'),
(1426, 1023, 'ce5140df15d046a66883807d18d0264b', 3, 'ce5140df15d046a66883807d18d0264b'),
(1427, 1024, '021bbc7ee20b71134d53e20206bd6feb', 3, '021bbc7ee20b71134d53e20206bd6feb'),
(1428, 1025, '82b8a3434904411a9fdc43ca87cee70c', 3, '82b8a3434904411a9fdc43ca87cee70c'),
(1429, 1026, '24146db4eb48c718b84cae0a0799dcfc', 3, '24146db4eb48c718b84cae0a0799dcfc'),
(1430, 1027, '883e881bb4d22a7add958f2d6b052c9f', 3, '883e881bb4d22a7add958f2d6b052c9f'),
(1431, 1028, '3806734b256c27e41ec2c6bffa26d9e7', 3, '3806734b256c27e41ec2c6bffa26d9e7'),
(1432, 1029, '84d2004bf28a2095230e8e14993d398d', 3, '84d2004bf28a2095230e8e14993d398d'),
(1433, 1030, 'e515df0d202ae52fcebb14295743063b', 3, 'e515df0d202ae52fcebb14295743063b'),
(1434, 1031, 'afdec7005cc9f14302cd0474fd0f3c96', 3, 'afdec7005cc9f14302cd0474fd0f3c96'),
(1435, 1032, '995e1fda4a2b5f55ef0df50868bf2a8f', 3, '995e1fda4a2b5f55ef0df50868bf2a8f'),
(1436, 1033, 'e17184bcb70dcf3942c54e0b537ffc6d', 3, 'e17184bcb70dcf3942c54e0b537ffc6d'),
(1437, 1034, 'bdb106a0560c4e46ccc488ef010af787', 3, 'bdb106a0560c4e46ccc488ef010af787'),
(1438, 1035, 'a34bacf839b923770b2c360eefa26748', 3, 'a34bacf839b923770b2c360eefa26748'),
(1439, 1036, '83fa5a432ae55c253d0e60dbfa716723', 3, '83fa5a432ae55c253d0e60dbfa716723'),
(1440, 1037, 'eddb904a6db773755d2857aacadb1cb0', 3, 'eddb904a6db773755d2857aacadb1cb0'),
(1441, 1038, '6d70cb65d15211726dcce4c0e971e21c', 3, '6d70cb65d15211726dcce4c0e971e21c'),
(1442, 1039, '27ed0fb950b856b06e1273989422e7d3', 3, '27ed0fb950b856b06e1273989422e7d3'),
(1443, 1040, '537d9b6c927223c796cac288cced29df', 3, '537d9b6c927223c796cac288cced29df'),
(1444, 1041, 'd736bb10d83a904aefc1d6ce93dc54b8', 3, 'd736bb10d83a904aefc1d6ce93dc54b8'),
(1445, 1042, '9ac403da7947a183884c18a67d3aa8de', 3, '9ac403da7947a183884c18a67d3aa8de'),
(1446, 1043, 'b9141aff1412dc76340b3822d9ea6c72', 3, 'b9141aff1412dc76340b3822d9ea6c72'),
(1447, 1044, '1019c8091693ef5c5f55970346633f92', 3, '1019c8091693ef5c5f55970346633f92'),
(1448, 1045, 'a0e2a2c563d57df27213ede1ac4ac780', 3, 'a0e2a2c563d57df27213ede1ac4ac780'),
(1449, 1046, '1579779b98ce9edb98dd85606f2c119d', 3, '1579779b98ce9edb98dd85606f2c119d'),
(1450, 1047, '20b5e1cf8694af7a3c1ba4a87f073021', 3, '20b5e1cf8694af7a3c1ba4a87f073021'),
(1451, 1048, '7cce53cf90577442771720a370c3c723', 3, '7cce53cf90577442771720a370c3c723'),
(1452, 1049, '58c54802a9fb9526cd0923353a34a7ae', 3, '58c54802a9fb9526cd0923353a34a7ae'),
(1453, 1050, '5055cbf43fac3f7e2336b27310f0b9ef', 3, '5055cbf43fac3f7e2336b27310f0b9ef'),
(1454, 1051, '456ac9b0d15a8b7f1e71073221059886', 3, '456ac9b0d15a8b7f1e71073221059886'),
(1455, 1052, 'f4dd765c12f2ef67f98f3558c282a9cd', 3, 'f4dd765c12f2ef67f98f3558c282a9cd'),
(1456, 1053, '7fec306d1e665bc9c748b5d2b99a6e97', 3, '7fec306d1e665bc9c748b5d2b99a6e97'),
(1457, 1054, 'db576a7d2453575f29eab4bac787b919', 3, 'db576a7d2453575f29eab4bac787b919'),
(1458, 1055, '53c04118df112c13a8c34b38343b9c10', 3, '53c04118df112c13a8c34b38343b9c10'),
(1459, 1056, '4ca82782c5372a547c104929f03fe7a9', 3, '4ca82782c5372a547c104929f03fe7a9'),
(1460, 1057, 'd8700cbd38cc9f30cecb34f0c195b137', 3, 'd8700cbd38cc9f30cecb34f0c195b137'),
(1461, 1058, 'b4d168b48157c623fbd095b4a565b5bb', 3, 'b4d168b48157c623fbd095b4a565b5bb'),
(1462, 1059, '4a08142c38dbe374195d41c04562d9f8', 3, '4a08142c38dbe374195d41c04562d9f8'),
(1463, 1060, '299a23a2291e2126b91d54f3601ec162', 3, '299a23a2291e2126b91d54f3601ec162'),
(1464, 1061, 'a89cf525e1d9f04d16ce31165e139a4b', 3, 'a89cf525e1d9f04d16ce31165e139a4b'),
(1465, 1062, 'cd89fef7ffdd490db800357f47722b20', 3, 'cd89fef7ffdd490db800357f47722b20'),
(1466, 1063, '6c340f25839e6acdc73414517203f5f0', 3, '6c340f25839e6acdc73414517203f5f0'),
(1467, 1064, '2290a7385ed77cc5592dc2153229f082', 3, '2290a7385ed77cc5592dc2153229f082'),
(1468, 1065, 'a2137a2ae8e39b5002a3f8909ecb88fe', 3, 'a2137a2ae8e39b5002a3f8909ecb88fe'),
(1469, 1066, '43dd49b4fdb9bede653e94468ff8df1e', 3, '43dd49b4fdb9bede653e94468ff8df1e'),
(1470, 1067, '31857b449c407203749ae32dd0e7d64a', 3, '31857b449c407203749ae32dd0e7d64a'),
(1471, 1068, '53adaf494dc89ef7196d73636eb2451b', 3, '53adaf494dc89ef7196d73636eb2451b'),
(1472, 1069, 'fc2c7c47b918d0c2d792a719dfb602ef', 3, 'fc2c7c47b918d0c2d792a719dfb602ef'),
(1473, 1070, 'dc58e3a306451c9d670adcd37004f48f', 3, 'dc58e3a306451c9d670adcd37004f48f'),
(1474, 1071, '1b0114c51cc532ed34e1954b5b9e4b58', 3, '1b0114c51cc532ed34e1954b5b9e4b58'),
(1475, 1072, 'a1519de5b5d44b31a01de013b9b51a80', 3, 'a1519de5b5d44b31a01de013b9b51a80'),
(1476, 1073, '390e982518a50e280d8e2b535462ec1f', 3, '390e982518a50e280d8e2b535462ec1f'),
(1477, 1074, '708f3cf8100d5e71834b1db77dfa15d6', 3, '708f3cf8100d5e71834b1db77dfa15d6'),
(1478, 1075, '46072631582fc240dd2674a7d063b040', 3, '46072631582fc240dd2674a7d063b040'),
(1479, 1076, '8a1e808b55fde9455cb3d8857ed88389', 3, '8a1e808b55fde9455cb3d8857ed88389'),
(1480, 1077, '062ddb6c727310e76b6200b7c71f63b5', 3, '062ddb6c727310e76b6200b7c71f63b5'),
(1481, 1078, '522a9ae9a99880d39e5daec35375e999', 3, '522a9ae9a99880d39e5daec35375e999'),
(1482, 1079, '43baa6762fa81bb43b39c62553b2970d', 3, '43baa6762fa81bb43b39c62553b2970d'),
(1483, 1080, '731c83db8d2ff01bdc000083fd3c3740', 3, '731c83db8d2ff01bdc000083fd3c3740'),
(1484, 1081, '36a16a2505369e0c922b6ea7a23a56d2', 3, '36a16a2505369e0c922b6ea7a23a56d2'),
(1485, 1082, '818f4654ed39a1c147d1e51a00ffb4cb', 3, '818f4654ed39a1c147d1e51a00ffb4cb'),
(1486, 1083, 'e5e63da79fcd2bebbd7cb8bf1c1d0274', 3, 'e5e63da79fcd2bebbd7cb8bf1c1d0274'),
(1487, 1084, '9f36407ead0629fc166f14dde7970f68', 3, '9f36407ead0629fc166f14dde7970f68'),
(1488, 1085, '4f16c818875d9fcb6867c7bdc89be7eb', 3, '4f16c818875d9fcb6867c7bdc89be7eb'),
(1489, 1086, 'd91d1b4d82419de8a614abce9cc0e6d4', 3, 'd91d1b4d82419de8a614abce9cc0e6d4'),
(1490, 1087, 'a26398dca6f47b49876cbaffbc9954f9', 3, 'a26398dca6f47b49876cbaffbc9954f9'),
(1491, 1088, 'b1563a78ec59337587f6ab6397699afc', 3, 'b1563a78ec59337587f6ab6397699afc'),
(1492, 1089, '03f544613917945245041ea1581df0c2', 3, '03f544613917945245041ea1581df0c2'),
(1493, 1090, '8b4066554730ddfaa0266346bdc1b202', 3, '8b4066554730ddfaa0266346bdc1b202'),
(1494, 1091, '754dda4b1ba34c6fa89716b85d68532b', 3, '754dda4b1ba34c6fa89716b85d68532b'),
(1495, 1092, '6a2feef8ed6a9fe76d6b3f30f02150b4', 3, '6a2feef8ed6a9fe76d6b3f30f02150b4'),
(1496, 1093, '68b1fbe7f16e4ae3024973f12f3cb313', 3, '68b1fbe7f16e4ae3024973f12f3cb313'),
(1497, 1094, '41bfd20a38bb1b0bec75acf0845530a7', 3, '41bfd20a38bb1b0bec75acf0845530a7'),
(1498, 1095, 'd6723e7cd6735df68d1ce4c704c29a04', 3, 'd6723e7cd6735df68d1ce4c704c29a04'),
(1499, 1096, '4e2545f819e67f0615003dd7e04a6087', 3, '4e2545f819e67f0615003dd7e04a6087'),
(1500, 1097, 'db2b4182156b2f1f817860ac9f409ad7', 3, 'db2b4182156b2f1f817860ac9f409ad7'),
(1501, 1098, 'a5e0ff62be0b08456fc7f1e88812af3d', 3, 'a5e0ff62be0b08456fc7f1e88812af3d'),
(1502, 1099, 'a0160709701140704575d499c997b6ca', 3, 'a0160709701140704575d499c997b6ca'),
(1503, 1100, '1e6e0a04d20f50967c64dac2d639a577', 3, '1e6e0a04d20f50967c64dac2d639a577'),
(1504, 1101, 'c6bff625bdb0393992c9d4db0c6bbe45', 3, 'c6bff625bdb0393992c9d4db0c6bbe45'),
(1505, 1102, 'c667d53acd899a97a85de0c201ba99be', 3, 'c667d53acd899a97a85de0c201ba99be'),
(1506, 1103, 'aace49c7d80767cffec0e513ae886df0', 3, 'aace49c7d80767cffec0e513ae886df0'),
(1507, 1104, '4da04049a062f5adfe81b67dd755cecc', 3, '4da04049a062f5adfe81b67dd755cecc'),
(1508, 1105, 'af21d0c97db2e27e13572cbf59eb343d', 3, 'af21d0c97db2e27e13572cbf59eb343d'),
(1509, 1106, 'c9f95a0a5af052bffce5c89917335f67', 3, 'c9f95a0a5af052bffce5c89917335f67'),
(1510, 1107, 'e58cc5ca94270acaceed13bc82dfedf7', 3, 'e58cc5ca94270acaceed13bc82dfedf7'),
(1511, 1108, 'b9d487a30398d42ecff55c228ed5652b', 3, 'b9d487a30398d42ecff55c228ed5652b'),
(1512, 1109, '8f1d43620bc6bb580df6e80b0dc05c48', 3, '8f1d43620bc6bb580df6e80b0dc05c48'),
(1513, 1110, '2cbca44843a864533ec05b321ae1f9d1', 3, '2cbca44843a864533ec05b321ae1f9d1'),
(1514, 1111, 'b59c67bf196a4758191e42f76670ceba', 3, 'b59c67bf196a4758191e42f76670ceba'),
(1515, 1112, '20d135f0f28185b84a4cf7aa51f29500', 3, '20d135f0f28185b84a4cf7aa51f29500'),
(1516, 1113, '9c3b1830513cc3b8fc4b76635d32e692', 3, '9c3b1830513cc3b8fc4b76635d32e692'),
(1517, 1114, 'd6ef5f7fa914c19931a55bb262ec879c', 3, 'd6ef5f7fa914c19931a55bb262ec879c'),
(1518, 1115, 'e19347e1c3ca0c0b97de5fb3b690855a', 3, 'e19347e1c3ca0c0b97de5fb3b690855a'),
(1519, 11, '6512bd43d9caa6e02c990b0a82652dca', 2, '6512bd43d9caa6e02c990b0a82652dca'),
(1520, 12, 'c20ad4d76fe97759aa27a0c99bff6710', 2, 'c20ad4d76fe97759aa27a0c99bff6710'),
(1521, 13, 'c51ce410c124a10e0db5e4b97fc2af39', 2, 'c51ce410c124a10e0db5e4b97fc2af39'),
(1522, 14, 'aab3238922bcc25a6f606eb525ffdc56', 2, 'aab3238922bcc25a6f606eb525ffdc56'),
(1523, 15, '9bf31c7ff062936a96d3c8bd1f8f2ff3', 2, '9bf31c7ff062936a96d3c8bd1f8f2ff3'),
(1524, 16, 'c74d97b01eae257e44aa9d5bade97baf', 2, 'c74d97b01eae257e44aa9d5bade97baf'),
(1525, 17, '70efdf2ec9b086079795c442636b55fb', 2, '70efdf2ec9b086079795c442636b55fb'),
(1526, 18, '6f4922f45568161a8cdf4ad2299f6d23', 2, '6f4922f45568161a8cdf4ad2299f6d23'),
(1527, 19, '1f0e3dad99908345f7439f8ffabdffc4', 2, '1f0e3dad99908345f7439f8ffabdffc4'),
(1528, 20, '98f13708210194c475687be6106a3b84', 2, '98f13708210194c475687be6106a3b84'),
(1529, 21, '3c59dc048e8850243be8079a5c74d079', 2, '3c59dc048e8850243be8079a5c74d079'),
(1530, 22, 'b6d767d2f8ed5d21a44b0e5886680cb9', 2, 'b6d767d2f8ed5d21a44b0e5886680cb9'),
(1531, 23, '37693cfc748049e45d87b8c7d8b9aacd', 2, '37693cfc748049e45d87b8c7d8b9aacd'),
(1532, 24, '1ff1de774005f8da13f42943881c655f', 2, '1ff1de774005f8da13f42943881c655f'),
(1533, 25, '8e296a067a37563370ded05f5a3bf3ec', 2, '8e296a067a37563370ded05f5a3bf3ec'),
(1534, 26, '4e732ced3463d06de0ca9a15b6153677', 2, '4e732ced3463d06de0ca9a15b6153677'),
(1535, 27, '02e74f10e0327ad868d138f2b4fdd6f0', 2, '02e74f10e0327ad868d138f2b4fdd6f0'),
(1536, 28, '33e75ff09dd601bbe69f351039152189', 2, '33e75ff09dd601bbe69f351039152189'),
(1537, 29, '6ea9ab1baa0efb9e19094440c317e21b', 2, '6ea9ab1baa0efb9e19094440c317e21b'),
(1538, 30, '34173cb38f07f89ddbebc2ac9128303f', 2, '34173cb38f07f89ddbebc2ac9128303f'),
(1539, 31, 'c16a5320fa475530d9583c34fd356ef5', 2, 'c16a5320fa475530d9583c34fd356ef5'),
(1540, 32, '6364d3f0f495b6ab9dcf8d3b5c6e0b01', 2, '6364d3f0f495b6ab9dcf8d3b5c6e0b01');

--
-- Indexes for dumped tables
--

--
-- Indexes for table `adress`
--
ALTER TABLE `adress`
  ADD PRIMARY KEY (`ad_id`);

--
-- Indexes for table `adress_city`
--
ALTER TABLE `adress_city`
  ADD PRIMARY KEY (`city_id`);

--
-- Indexes for table `adress_oth`
--
ALTER TABLE `adress_oth`
  ADD PRIMARY KEY (`oth_id`);

--
-- Indexes for table `cabinets`
--
ALTER TABLE `cabinets`
  ADD PRIMARY KEY (`cab_id`);

--
-- Indexes for table `class`
--
ALTER TABLE `class`
  ADD PRIMARY KEY (`cl_id`);

--
-- Indexes for table `classes`
--
ALTER TABLE `classes`
  ADD PRIMARY KEY (`c_id`);

--
-- Indexes for table `contact`
--
ALTER TABLE `contact`
  ADD PRIMARY KEY (`co_id`);

--
-- Indexes for table `document`
--
ALTER TABLE `document`
  ADD PRIMARY KEY (`d_id`);

--
-- Indexes for table `parants`
--
ALTER TABLE `parants`
  ADD PRIMARY KEY (`p_id`);

--
-- Indexes for table `sessions`
--
ALTER TABLE `sessions`
  ADD PRIMARY KEY (`ss_id`);

--
-- Indexes for table `stud`
--
ALTER TABLE `stud`
  ADD PRIMARY KEY (`st_id`);

--
-- Indexes for table `student`
--
ALTER TABLE `student`
  ADD PRIMARY KEY (`student_id`);

--
-- Indexes for table `subjects`
--
ALTER TABLE `subjects`
  ADD PRIMARY KEY (`s_id`);

--
-- Indexes for table `subjectsandclasses`
--
ALTER TABLE `subjectsandclasses`
  ADD PRIMARY KEY (`sc_id`);

--
-- Indexes for table `teachers`
--
ALTER TABLE `teachers`
  ADD PRIMARY KEY (`t_id`);

--
-- Indexes for table `teachersandsubjects`
--
ALTER TABLE `teachersandsubjects`
  ADD PRIMARY KEY (`ts_id`);

--
-- Indexes for table `teachersprofession`
--
ALTER TABLE `teachersprofession`
  ADD PRIMARY KEY (`tp_id`);

--
-- Indexes for table `timetable`
--
ALTER TABLE `timetable`
  ADD PRIMARY KEY (`tt_id`);

--
-- Indexes for table `users`
--
ALTER TABLE `users`
  ADD PRIMARY KEY (`user_id`);

--
-- AUTO_INCREMENT for dumped tables
--

--
-- AUTO_INCREMENT for table `adress`
--
ALTER TABLE `adress`
  MODIFY `ad_id` int(11) NOT NULL AUTO_INCREMENT, AUTO_INCREMENT=11;

--
-- AUTO_INCREMENT for table `adress_city`
--
ALTER TABLE `adress_city`
  MODIFY `city_id` int(11) NOT NULL AUTO_INCREMENT, AUTO_INCREMENT=95;

--
-- AUTO_INCREMENT for table `adress_oth`
--
ALTER TABLE `adress_oth`
  MODIFY `oth_id` int(11) NOT NULL AUTO_INCREMENT, AUTO_INCREMENT=9;

--
-- AUTO_INCREMENT for table `cabinets`
--
ALTER TABLE `cabinets`
  MODIFY `cab_id` int(11) NOT NULL AUTO_INCREMENT, AUTO_INCREMENT=37;

--
-- AUTO_INCREMENT for table `class`
--
ALTER TABLE `class`
  MODIFY `cl_id` int(11) NOT NULL AUTO_INCREMENT, AUTO_INCREMENT=28;

--
-- AUTO_INCREMENT for table `classes`
--
ALTER TABLE `classes`
  MODIFY `c_id` int(11) NOT NULL AUTO_INCREMENT, AUTO_INCREMENT=6;

--
-- AUTO_INCREMENT for table `contact`
--
ALTER TABLE `contact`
  MODIFY `co_id` int(11) NOT NULL AUTO_INCREMENT, AUTO_INCREMENT=8;

--
-- AUTO_INCREMENT for table `document`
--
ALTER TABLE `document`
  MODIFY `d_id` int(11) NOT NULL AUTO_INCREMENT, AUTO_INCREMENT=7;

--
-- AUTO_INCREMENT for table `parants`
--
ALTER TABLE `parants`
  MODIFY `p_id` int(11) NOT NULL AUTO_INCREMENT, AUTO_INCREMENT=9;

--
-- AUTO_INCREMENT for table `sessions`
--
ALTER TABLE `sessions`
  MODIFY `ss_id` int(11) NOT NULL AUTO_INCREMENT, AUTO_INCREMENT=66;

--
-- AUTO_INCREMENT for table `student`
--
ALTER TABLE `student`
  MODIFY `student_id` int(11) NOT NULL AUTO_INCREMENT, AUTO_INCREMENT=3;

--
-- AUTO_INCREMENT for table `subjects`
--
ALTER TABLE `subjects`
  MODIFY `s_id` int(11) NOT NULL AUTO_INCREMENT, AUTO_INCREMENT=27;

--
-- AUTO_INCREMENT for table `subjectsandclasses`
--
ALTER TABLE `subjectsandclasses`
  MODIFY `sc_id` int(11) NOT NULL AUTO_INCREMENT, AUTO_INCREMENT=136;

--
-- AUTO_INCREMENT for table `teachers`
--
ALTER TABLE `teachers`
  MODIFY `t_id` int(11) NOT NULL AUTO_INCREMENT, AUTO_INCREMENT=33;

--
-- AUTO_INCREMENT for table `teachersandsubjects`
--
ALTER TABLE `teachersandsubjects`
  MODIFY `ts_id` int(11) NOT NULL AUTO_INCREMENT, AUTO_INCREMENT=205;

--
-- AUTO_INCREMENT for table `teachersprofession`
--
ALTER TABLE `teachersprofession`
  MODIFY `tp_id` int(11) NOT NULL AUTO_INCREMENT, AUTO_INCREMENT=54;

--
-- AUTO_INCREMENT for table `timetable`
--
ALTER TABLE `timetable`
  MODIFY `tt_id` int(11) NOT NULL AUTO_INCREMENT, AUTO_INCREMENT=2833;

--
-- AUTO_INCREMENT for table `users`
--
ALTER TABLE `users`
  MODIFY `user_id` int(11) NOT NULL AUTO_INCREMENT, AUTO_INCREMENT=1541;
COMMIT;

/*!40101 SET CHARACTER_SET_CLIENT=@OLD_CHARACTER_SET_CLIENT */;
/*!40101 SET CHARACTER_SET_RESULTS=@OLD_CHARACTER_SET_RESULTS */;
/*!40101 SET COLLATION_CONNECTION=@OLD_COLLATION_CONNECTION */;
